-- MySQL dump 8.22
--
-- Host: dbm2.itc.virginia.edu    Database: prob_db
---------------------------------------------------------
-- Server version	5.0.51a

--
-- Table structure for table 'directions'
--

CREATE TABLE directions (
  uid int(11) NOT NULL auto_increment,
  `type` varchar(30) collate utf8_bin NOT NULL,
  directions longtext collate utf8_bin NOT NULL,
  `boolean` tinyint(1) NOT NULL COMMENT 'can this be deleted now?',
  general_type text collate utf8_bin NOT NULL,
  PRIMARY KEY  (uid)
) ENGINE=MyISAM AUTO_INCREMENT=27 DEFAULT CHARSET=utf8 COLLATE=utf8_bin;

--
-- Dumping data for table 'directions'
--


INSERT INTO directions VALUES (1,'domain','Find the domain of the function.',1,'Functions');
INSERT INTO directions VALUES (2,'compdomain','Find the domain of the composite function.',0,'Functions');
INSERT INTO directions VALUES (3,'limit','Evaluate the limit, if it exists. If it does not exist, explain why.',0,'Limits');
INSERT INTO directions VALUES (4,'derivative','Find y\'.',0,'Derivatives');
INSERT INTO directions VALUES (5,'delta epsilon limit','Use the $\\delta, \\epsilon$ definition to evaluate the limit.',0,'Limits');
INSERT INTO directions VALUES (6,'limitDerivative','Use the limit definition of the derivative to find the derivative of the function.',1,'Limits');
INSERT INTO directions VALUES (7,'continuous','Find values of $a$ (and sometimes $b$ and $c$) which make the function continuous.',0,'Limits');
INSERT INTO directions VALUES (8,'inverse','Find the inverse of the function.',1,'Functions');
INSERT INTO directions VALUES (9,'IVT','Show that the expression has a solution.',0,'Limits');
INSERT INTO directions VALUES (10,'related rates','',0,'Derivatives');
INSERT INTO directions VALUES (15,'absolute extrema','Find the absolute maxima and minima of the function over the given interval.',1,'Derivative Applications');
INSERT INTO directions VALUES (11,'true false','True or false. If true, explain why; if false, find a counter example.',0,'Other');
INSERT INTO directions VALUES (12,'lin approx','Use an appropriate linear approximation to approximate the value.',0,'Derivative Applications');
INSERT INTO directions VALUES (13,'integral','Compute the integral.',0,'Integration');
INSERT INTO directions VALUES (14,'optimization','',0,'Derivative Applications');
INSERT INTO directions VALUES (16,'testing','this is a testing problem.',0,'Other');
INSERT INTO directions VALUES (17,'absolute conditional conv','Determine whether the series converges conditionally, converges absolutely, or diverges.',0,'Series');
INSERT INTO directions VALUES (18,'improper integral','Determine whether the integral is convergent or divergent.',0,'Integration');
INSERT INTO directions VALUES (19,'solo','',0,'Other');
INSERT INTO directions VALUES (20,'partial fraction decomp','Write the form of the partial fraction decomposition. Do not solve for the coefficients.',0,'Integration');
INSERT INTO directions VALUES (21,'arclength','Find the arc length of the curve over the given interval.',0,'Integration Applications');
INSERT INTO directions VALUES (22,'surface area','Find the area of the surface obtained by rotating the curve about the specified axis.',0,'Integration Applications');
INSERT INTO directions VALUES (23,'series-con-div','Determine whether the series converges or diverges. If possible, find the value of the series.',0,'Series');
INSERT INTO directions VALUES (24,'sequence-conv-div','Determine whether the sequence converges. If it converges, find the limit.',0,'Sequences');
INSERT INTO directions VALUES (26,'rotational volume','Compute the volume of the solid obtained by rotating the region bounded by the given curves around the specified axis.',0,'Integration Applications');

--
-- Table structure for table 'problems'
--

CREATE TABLE problems (
  uid int(11) NOT NULL auto_increment,
  prob text collate utf8_bin NOT NULL,
  answer text collate utf8_bin NOT NULL,
  `type` varchar(30) collate utf8_bin NOT NULL COMMENT 'for multi-part problems',
  `comment` longtext collate utf8_bin NOT NULL,
  PRIMARY KEY  (uid),
  FULLTEXT KEY `comment` (`comment`)
) ENGINE=MyISAM AUTO_INCREMENT=502 DEFAULT CHARSET=utf8 COLLATE=utf8_bin;

--
-- Dumping data for table 'problems'
--


INSERT INTO problems VALUES (1,'$[[f]]=14x^3-6$','$(-\\infty,\\infty)$','domain','Easy domain problem.');
INSERT INTO problems VALUES (42,'$f\\circ g(x)$, where $f(x)= \\frac{1}{\\sqrt{x-\\pi/2}}$, $g(x)=\\cos^{-1}(x)$','$[-1,0)$','compdomain','Composite domain.');
INSERT INTO problems VALUES (40,'$f\\circ g(x)$, where $f(x)=1/x^2$, $g(x)=\\sqrt{x}$','$(0,\\infty)$','compdomain','Composite domain.');
INSERT INTO problems VALUES (41,'$f\\circ g(x)$, where $f(x)=\\tan^{-1}(x)$, $g(x)=\\sec x$','$x\\neq\\frac{\\pi}{2}+\\pi n$, $n\\in\\mathbb{Z}$','compdomain','Composite domain.');
INSERT INTO problems VALUES (39,'$f\\circ g(x)$, where $f(x)=\\sqrt{x-1}$, $g(x)=\\cos x$','$x=2\\pi n$, $n\\in\\mathbb{Z}$','compdomain','Composite domain.');
INSERT INTO problems VALUES (38,'$[[f]] = \\frac{(x^2-1)}{(x^2-1)(x^2-3)}$','$x\\neq\\pm1$, $x\\neq\\pm\\sqrt{3}$','domain','Fraction domain.');
INSERT INTO problems VALUES (37,'$[[f]]=\\frac{\\tan x}{x^4-1}$','$x\\neq\\pm1$, $x\\neq\\frac{\\pi}{2}+\\pi n$, $n\\in\\mathbb{Z}$','domain','Trig fraction domain.');
INSERT INTO problems VALUES (36,'$[[f]]=\\frac{\\sin x}{\\sqrt{(x-1)^3}}$','$(1,\\infty)$','domain','Root domain.');
INSERT INTO problems VALUES (35,'$[[f]]=\\ln (\\cos x)$','$\\{x\\in\\mathbb{R}:2n\\pi\\leq x\\leq(2n+1)\\pi, n\\in\\mathbb{Z}\\}$','domain','Log domain.');
INSERT INTO problems VALUES (33,'$[[f]]=\\displaystyle \\frac{\\sin^{-1}(x^2)}{\\ln(\\sqrt{e^x})}$','$[-1,0)\\cup(0,1]$','domain','Inverse trig log root domain.');
INSERT INTO problems VALUES (34,'$[[f]]=\\ln (\\ln (\\ln x)))$','$(e,\\infty)$','domain','Log domain.');
INSERT INTO problems VALUES (31,'$[[f]]=\\sin^{-1}(x-4)$','$[3,5]$','domain','Inverse trig domain.');
INSERT INTO problems VALUES (32,'$[[f]]=\\frac {\\ln x}{\\sqrt{x^2-14}}$','$(\\sqrt{14},\\infty)$ ','domain','Log root domain.');
INSERT INTO problems VALUES (30,'$[[f]]=(x-2)^{-1/3}$','$(-\\infty,2)\\cup (2,\\infty)$','domain','Root domain.');
INSERT INTO problems VALUES (43,'$f\\circ g\\circ h(x)$, where $f(x)=\\ln x$, $g(x)=\\sin^{-1}(x)$, $h(x)=1/x$','$[1,\\infty)$','compdomain','Composite domain.');
INSERT INTO problems VALUES (72,'$\\lim_{x\\to 2} (x^4-7x^3+2)$','-38','limit','Easy limit.');
INSERT INTO problems VALUES (73,'$\\displaystyle \\lim_{x\\to \\infty} \\frac{x^4-x^{12}+8x-7}{5x^\\pi}$','$-\\infty$','limit','Compare powers limit.');
INSERT INTO problems VALUES (74,'$\\displaystyle \\lim_{x\\to -\\infty} \\frac{4x^2-\\pi^7}{ex^3}$','0','limit','Compare powers limit.');
INSERT INTO problems VALUES (75,'$\\displaystyle \\lim_{x\\to 7} \\frac{x^2-49}{|x-7|}$','DNE','limit','Absolute value limit.');
INSERT INTO problems VALUES (76,'$\\displaystyle \\lim_{x\\to 0} \\frac 1{1-\\cos x}$','$\\infty$','limit','Infinite limit.');
INSERT INTO problems VALUES (77,'$\\displaystyle \\lim_{x\\to \\infty} \\frac {\\tan^{-1} x} x$','0','limit','Squeeze theorem limit.');
INSERT INTO problems VALUES (78,'$\\displaystyle \\lim_{x\\to 4} \\frac{\\ln x -\\cos(\\tan (2^x))}{\\sin^{-1}(x/8)}$','$\\displaystyle\\frac{\\ln4-\\cos(\\tan(16))}{\\pi/6}$','limit','Continuous function limit.');
INSERT INTO problems VALUES (79,'$\\displaystyle \\lim_{x\\to 0^+} \\sqrt{\\csc x}$','$\\infty$','limit','Infinite limit.');
INSERT INTO problems VALUES (80,'$\\displaystyle \\lim_{x\\to 81} \\frac{81-x}{\\sqrt{x}-9}$','-18','limit','Compare powers limit.');
INSERT INTO problems VALUES (81,'$\\displaystyle \\lim_{x\\to -\\infty} \\frac{2x-\\pi x^3 +9}{x^2-ex^3}$','$\\pi/e$','limit','Compare powers limit.');
INSERT INTO problems VALUES (82,'$\\displaystyle \\lim_{x\\to -1^-} \\frac{|x+1|}{x^2-1}$','$1/2$','limit','Absolute value cancel indeterminate form limit.');
INSERT INTO problems VALUES (83,'$\\displaystyle \\lim_{x\\to \\infty} \\sqrt{5x^2+3x-2}-2x$','$\\infty$','limit','Multiply by conjugate inteterminate form limit.');
INSERT INTO problems VALUES (84,'$\\displaystyle \\lim_{x\\to 1} \\frac{x^4-1}{x^6-1}$','2/3','limit','Factor and cancel indeterminate form limit.');
INSERT INTO problems VALUES (85,'$\\displaystyle \\lim_{x\\to 7} \\frac{\\sqrt{x+2} - 3}{x-7}$','1/6','limit','Multiply by conjugate indeterminate form limit.');
INSERT INTO problems VALUES (86,'$\\displaystyle \\lim_{x\\to 0} \\left( \\frac 1 x - \\frac 1 {x^2+x}\\right)$','1','limit','Factor and cancel indeterminate form limit.');
INSERT INTO problems VALUES (87,'$\\displaystyle \\lim_{x\\to 0} \\frac{\\sin(1/x)}{1/x}$','0','limit','Squeeze theorem limit.');
INSERT INTO problems VALUES (88,'$\\displaystyle \\lim_{x\\to 7} \\left[(x^2-49)\\tan^{-1}\\left(\\frac{1}{x-7}\\right)\\right]$','0','limit','Squeeze theorem limit.');
INSERT INTO problems VALUES (89,'$y=x^4-8x^2+\\pi^4$','$-16 x+4 x^3$','derivative','Power rule derivative.');
INSERT INTO problems VALUES (90,'$y=x^\\pi \\sin x$','$x^{\\pi } \\cos(x)+\\pi  x^{-1+\\pi } \\sin(x)$','derivative','Product rule trig derivative.');
INSERT INTO problems VALUES (91,'$y=\\displaystyle\\frac{x^4-8x+7}{x^2}$','$\\displaystyle\\frac{-8+4 x^3}{x^2}-\\displaystyle\\frac{2 \\left(7-8 x+x^4\\right)}{x^3}$','derivative','Quotient rule product rule derivative.');
INSERT INTO problems VALUES (92,'$y=e^{17}-\\sin^{-1}(\\sqrt x)$','$-\\displaystyle\\frac{1}{2 \\sqrt{1-x} \\sqrt{x}}$','derivative','Chain rule inverse trig derivative.');
INSERT INTO problems VALUES (93,'$y=2^{2^{2^x}}$','$2^{2^{2^x}+2^x+x} \\ln(2)^3$','derivative','Chain rule derivative.');
INSERT INTO problems VALUES (94,'$y=x^{x^x}$','$x^{x^x} \\left(x^{-1+x}+x^x \\ln(x) (1+\\ln(x))\\right)$','derivative','Logarithmic differentiation derivative.');
INSERT INTO problems VALUES (95,'$y=(x^4+18x)^{18}(1-x^3)^{40}$','$18 \\left(1-x^3\\right)^{40} \\left(18+4 x^3\\right) \\left(18 x+x^4\\right)^{17}-120 x^2 \\left(1-x^3\\right)^{39} \\left(18 x+x^4\\right)^{18}$','derivative','Logarithmic differentiation quotient rule derivative.');
INSERT INTO problems VALUES (96,'$y=\\sqrt{x\\log_4(x^\\pi+\\tan x)}$','$\\displaystyle\\frac{\\ln\\left(x^{\\pi }+\\tan(x)\\right)+\\frac{x \\left(\\pi  x^{-1+\\pi }+\\sec(x)^2\\right)}{x^{\\pi }+\\tan(x)}}{2 \\sqrt{\\ln(4)} \\sqrt{x \\ln\\left(x^{\\pi }+\\tan(x)\\right)}}$','derivative','Chain rule product rule derivative.');
INSERT INTO problems VALUES (97,'$y=\\tan^{-1}(\\sin (x^4))$','$\\displaystyle\\frac{4 x^3 \\cos\\left(x^4\\right)}{1+\\sin\\left(x^4\\right)^2}$','derivative','Inverse trig product rule derivative.');
INSERT INTO problems VALUES (98,'$y=\\displaystyle\\frac{\\cos \\left(e^{\\tan 4x}\\right)}{\\sec x \\tan x}$','$-\\cos\\left(e^{\\tan(4 x)}\\right) \\cos(x)-\\cos\\left(e^{\\tan(4 x)}\\right) \\cot(x) \\csc(x)-4 e^{\\tan(4 x)} \\cos(x) \\cot(x) \\sec(4 x)^2 \\sin\\left(e^{\\tan(4 x)}\\right)$','derivative','Chain rule product rule quotient rule derivative.');
INSERT INTO problems VALUES (99,'$y=\\sqrt{\\cos (\\sqrt x)}$','$-\\displaystyle\\frac{\\sin\\left(\\sqrt{x}\\right)}{4 \\sqrt{x} \\sqrt{\\cos\\left(\\sqrt{x}\\right)}}$','derivative','Chain rule derivative.');
INSERT INTO problems VALUES (100,'$y=x^{\\sec x}$','$x^{\\sec(x)} \\left(\\frac{\\sec(x)}{x}+\\ln(x) \\sec(x) \\tan(x)\\right)$','derivative','Logarithmic differentiation derivative.');
INSERT INTO problems VALUES (101,'$yx^2=\\tan^{-1}(x)+e^y$','$\\displaystyle\\frac{\\frac 1{x^2+1} -2xy}{x^2-e^y}$','derivative','Inverse trig implicit differentiation derivative.');
INSERT INTO problems VALUES (102,'$y=\\displaystyle\\frac{(4x^3+1)^{14}}{(8x^\\pi-7x)^{8}(4e^x-7)^{400}}$','$-\\displaystyle\\frac{8 \\left(1+4 x^3\\right)^{14} \\left(-7+8 \\pi  x^{-1+\\pi }\\right)}{\\left(-7+4 e^x\\right)^{400} \\left(-7 x+8 x^{\\pi }\\right)^9}+\\displaystyle\\frac{168 x^2 \\left(1+4 x^3\\right)^{13}}{\\left(-7+4 e^x\\right)^{400} \\left(-7 x+8 x^{\\pi }\\right)^8}-\\displaystyle\\frac{1600 e^x \\left(1+4 x^3\\right)^{14}}{\\left(-7+4 e^x\\right)^{401} \\left(-7 x+8 x^{\\pi }\\right)^8}$','derivative','Logarithmic differentiation quotient rule derivative.');
INSERT INTO problems VALUES (103,'$\\csc y +\\cot x = \\csc y \\cot x$','$\\displaystyle\\frac{\\csc^2 x - \\csc y \\csc^2 x}{\\csc y \\cot y \\cot x - \\csc y \\cot y}$','derivative','Implicit differentiation derivative.');
INSERT INTO problems VALUES (104,'$\\sin^2 x +\\cos^2 y=1$','$\\displaystyle\\frac{\\sin x \\cos x}{\\sin y \\cos y}$','derivative','Implicit differentiation derivative.');
INSERT INTO problems VALUES (105,'$\\log_4(y)-7e^{x^x}=2\\sec (x^2)$','$y(\\ln 4)(4x\\sec (x^2)\\tan (x^2)+7e^{x^x}(x^x+x^x\\ln x))$','derivative','Implicit differentiation logarithmic differentiation derivative.');
INSERT INTO problems VALUES (118,'$\\displaystyle \\lim_{x\\to a} (2+x)$','$\\delta=\\epsilon$','delta epsilon limit','Linear delta epsilon.');
INSERT INTO problems VALUES (117,'$\\displaystyle \\lim_{x\\to 3} (3+x/2)$','$\\delta=2\\epsilon$','delta epsilon limit','Linear delta epsilon.');
INSERT INTO problems VALUES (116,'$\\displaystyle \\lim_{x\\to 7} (14-3x)$','$\\delta=\\epsilon/3$','delta epsilon limit','Linear delta epsilon.');
INSERT INTO problems VALUES (115,'$\\displaystyle \\lim_{x\\to 1^-} \\frac{x-1}{|x-1|}$','$\\delta=\\epsilon$','delta epsilon limit','Linear delta epsilon.');
INSERT INTO problems VALUES (114,'$\\displaystyle \\lim_{x\\to 2} (8x-4)$','$\\delta=\\epsilon/8$','delta epsilon limit','Linear delta epsilon.');
INSERT INTO problems VALUES (113,'$\\displaystyle \\lim_{x\\to 3} 12$','$\\delta=1$','delta epsilon limit','Linear delta epsilon.');
INSERT INTO problems VALUES (119,'$\\displaystyle \\lim_{x\\to 1} (x-1)^3$','$\\delta=\\sqrt[3]{\\epsilon}$','delta epsilon limit','Symmetric cubic delta epsilon.');
INSERT INTO problems VALUES (147,'$y=\\begin{cases} |x| & \\text{if } x\\leq a \\\\ x^3+2 & \\text{if } x>a \\end{cases}$','$a=-1$','continuous','Make function continuous.');
INSERT INTO problems VALUES (146,'$y=\\begin{cases} a\\cos x+b & \\text{if } x\\leq \\pi \\\\ ax^2-2b & \\text{if } \\pi< x< 4 \\\\ 4ax-b\\sqrt x & \\text{if } x\\geq 4\\end{cases}$','Any $a,b$ such that $b=\\frac{\\pi^2+1}{3}a$ will work.','continuous','Make function continuous.');
INSERT INTO problems VALUES (145,'$y=\\begin{cases} -(x+a) & \\text{if } x<1 \\\\ x^3+a & \\text{if } x\\geq 1\\end{cases}$','$a=-1$','continuous','Make function continuous.');
INSERT INTO problems VALUES (135,'$[[f]]=2x+1$','$2$','limitDerivative','Limit definition of derivative.');
INSERT INTO problems VALUES (136,'$[[f]]=x^2$','$2x$','limitDerivative','Limit definition of derivative.');
INSERT INTO problems VALUES (137,'$[[f]]=x^3-3x$','$3x^2-3$','limitDerivative','Limit definition of derivative.');
INSERT INTO problems VALUES (138,'$[[f]]=\\sqrt{3x+2}$','$(3/2)(3x+2)^{-1/2}$','limitDerivative','Limit definition of derivative.');
INSERT INTO problems VALUES (139,'$[[f]]=1/\\sqrt{2x}$','$-1/(2\\sqrt{2})x^{-3/2}$','limitDerivative','Limit definition of derivative.');
INSERT INTO problems VALUES (140,'$[[f]]=2x+\\sqrt{2x}$','$2+(\\sqrt{2}/2)x^{-1/2}$','limitDerivative','Limit definition of derivative.');
INSERT INTO problems VALUES (141,'$[[f]]=\\displaystyle\\frac{3}{x+1}$','$\\displaystyle\\frac{-3}{(x+1)^2}$','limitDerivative','Limit definition of derivative.');
INSERT INTO problems VALUES (142,'$[[f]]=\\displaystyle\\frac{4x}{x-1}$','$\\displaystyle\\frac{-4}{(x-1)^2}$','limitDerivative','Limit definition of derivative.');
INSERT INTO problems VALUES (143,'$[[f]]=x^4+2x$','$4x^3+2$','limitDerivative','Limit definition of derivative.');
INSERT INTO problems VALUES (144,'$y=\\begin{cases} \\sqrt{-x} & \\text{if } x<0\\\\ (x+2)^2+a & \\text{if } x\\geq 0 \\end{cases}$','$a=-4$','continuous','Make function continuous.');
INSERT INTO problems VALUES (148,'$y=\\begin{cases}-x & \\text{if } x< a \\\\ x^4 & \\text{if } a\\leq x < b \\\\ x^3-3x & \\text{if } x\\geq b\\end{cases}$','$a=-1$, $b=0$.','continuous','Make function continuous.');
INSERT INTO problems VALUES (149,'$y=\\begin{cases} ax^2+bx + c & \\text{if } x<-1 \\\\ bx^2+cx+a & \\text{if } -1\\leq x< 0 \\\\ cx^2+ax+b & \\text{if } 0\\leq x < 1 \\\\ 2x^2+3x+4 & \\text{if } x\\geq 1\\end{cases}$','$a=b=c=3$','continuous','Make function continuous.');
INSERT INTO problems VALUES (150,'$[[f]]=\\sqrt[5]{x+4}$','$x^5-4$','inverse','Find inverse function.');
INSERT INTO problems VALUES (151,'$[[f]]=4-e^{2x}$','$\\frac{1}{2}\\ln(4-x)$','inverse','Find inverse function.');
INSERT INTO problems VALUES (152,'$[[f]]=\\tan^{-1}\\left(e^{x^3}\\right)$','$\\sqrt[3]{\\ln(\\tan(x))}$','inverse','Find inverse function.');
INSERT INTO problems VALUES (153,'$[[f]]=e^{x^5}$','$\\sqrt[5]{\\ln(x)}$','inverse','Find inverse function.');
INSERT INTO problems VALUES (154,'$[[f]]=4x^3-3$','$\\sqrt[3]{\\displaystyle\\frac{x+3}{4}}$','inverse','Find inverse function.');
INSERT INTO problems VALUES (155,'$[[f]]=\\displaystyle\\frac{4x-1}{2x+3}$','$\\displaystyle\\frac{3x+1}{4-2x}$','inverse','Find inverse function.');
INSERT INTO problems VALUES (156,'$[[f]]=\\displaystyle\\frac{e^x}{2+e^x}$','$\\ln\\left(\\displaystyle\\frac{2x}{1-x}\\right)$','inverse','Find inverse function.');
INSERT INTO problems VALUES (157,'$[[f]]=\\ln\\left(\\displaystyle\\frac{e^x}{2+e^x}\\right)$','$\\ln\\left(\\displaystyle\\frac{2e^x}{1-e^x}\\right)$','inverse','Find inverse function.');
INSERT INTO problems VALUES (158,'$\\cos x = x^3-1$','Use IVT','IVT','IVT.');
INSERT INTO problems VALUES (159,'$\\ln x = 3-2x$','Use IVT','IVT','IVT.');
INSERT INTO problems VALUES (160,'$100e^{-x/100}=0.01x^2$','Use IVT','IVT','IVT.');
INSERT INTO problems VALUES (161,'$\\tan^{-1} x=1-x$','Use IVT','IVT','IVT.');
INSERT INTO problems VALUES (162,'$\\displaystyle \\frac{2x^{2}-7}{3x^{2}+2x} = \\displaystyle \\frac{3x^{2}-7x+1}{2\\left( x+2 \\right)^{2}}$','Use IVT','IVT','IVT.');
INSERT INTO problems VALUES (173,'The radius of a sphere is increasing at a rate of 4 mm/s. How fast is the volume increasing when the diameter is 80 mm?','$25,600\\pi$ mm/s.','related rates','Related rates sphere volume.');
INSERT INTO problems VALUES (174,'A street light is mounted at the top of a 15-ft-tall pole. A man 6 ft tall walks away from the pole with a speed of 5 ft/s along a straight path. How fast is the tip of his shadow moving when he is 40 ft from the pole?','$25/3$ ft/s.','related rates','Related rates similar triangles.');
INSERT INTO problems VALUES (164,'A ladder $10$ ft long rests against a vertical wall. If the bottom of the ladder slides away from the wall at a rate of $1$ ft/sec, how fast is the top of the ladder sliding down the wall when the bottom of the ladder is $6$ ft from the wall?','$-\\displaystyle\\frac34$ ft/s.','related rates','Related rates pythagorean theorem.');
INSERT INTO problems VALUES (165,'Sally really likes bubble-yum$^{\\text{TM}}$. Scientific tests have proven that the maximum volume that a single piece of bubble-yum$^{\\text{TM}}$ can attain is $8$ in$^3$. One day, Sally is blowing a bubble, the radius of which is increasing at a constant rate of $1$ in/sec. Supposing Sally\'s bubble reaches maximum volume, what is the rate at which the volume of the bubble is changing the moment the bubble explodes?','$4\\sqrt[3]{36\\pi}$ in$^3$/s.','related rates','Related rates sphere volume.');
INSERT INTO problems VALUES (166,'A baseball diamond is a square with side $90$ ft. A batter hits the ball and runs toward first base with a speed of $24$ ft/s. At what rate is his distance from second base decreasing when he is halfway to first base? At what rate is his distance from third base increasing at the same moment?','$-\\displaystyle\\frac{1080}{\\sqrt{90^2+40^2}}$ ft/s, $\\displaystyle\\frac{1080}{\\sqrt{90^2+40^2}}$ ft/s.','related rates','Related rates pythagorean theorem.');
INSERT INTO problems VALUES (167,'Two people start from the same point. One walks east at $3$ mi/h and the other walks north at $2$ mi/h. How fast is the distance between the people changing after $15$ minutes?','$\\sqrt{13}$ mph.','related rates','Related rates pythagorean theorem.');
INSERT INTO problems VALUES (168,'Sand falls from an overhead bin and accumulates in a conical pile with a radius that is always three times its height. Suppose the height of the pile increases at a rate of 2 cm/s when the pile is 12 cm high. At what rate is the sand leaving the bin at that instant?','$2592\\pi$ cm$^3$/s.','related rates','Related rates cone volume.');
INSERT INTO problems VALUES (169,'A coffee pot in the form of a circular cylinder of radius $4$ in is being filled with water flowing at a constant rate. If the water level is rising at the rate of 0.3 in/sec, what is the rate at which the water is flowing into the coffee pot?','$\\displaystyle\\frac{24}{5}\\pi$ in$^3$/s.','related rates','Related rates cylinder volume.');
INSERT INTO problems VALUES (170,'A kite 100 ft above the ground moves horizontally at a speed of 8 ft/s. At what rate is the angle between the string and the horizontal decreasing when 200 ft of string has been let out?','$-\\displaystyle\\frac{1}{50}$ rad/s.','related rates','Related rates trig functions.');
INSERT INTO problems VALUES (171,'The height of a triangle is increasing at a rate of $1$ cm/min while the area of the triangle is increasing at a rate of $2$ cm$^2$/min. At what rate is the base of the triangle changing when the height is $10$ cm and the area is $100$ cm?','$-\\displaystyle\\frac{8}{5}$ cm/min.','related rates','Related rates area of triangle.');
INSERT INTO problems VALUES (172,'Consider the following situation. Two runners start at opposite ends of a circular track and begin to run in opposite directions: one on the inside lane at a rate of 5m/s and another in the outside lane at a rate of 4m/s. If the radii of the inside and outside tracks are 90m and 100m respectively, find the rate at which the runners are moving away from each other after 30 seconds.','$-8.385$ m/s.','related rates','Related rates law of cosines.');
INSERT INTO problems VALUES (175,'A cylindrical tank with radius 5 m is being filled with water at a rate of 3 m$^3$/min. How fast is the height of the water increasing?','$\\frac{3}{25\\pi}$ m/min.','related rates','Related rates volume of cylinder.');
INSERT INTO problems VALUES (176,'A man starts walking north at 4 ft/s from a point $P$. Five minutes later a woman starts walking south at $5$ ft/s from a point $500$ ft due east of $P$. At what rate are the people moving apart $15$ min after the woman starts walking?','$\\frac{837}{\\sqrt{8674}}$ ft/s.','related rates','Related rates pythagorean theorem.');
INSERT INTO problems VALUES (177,'A boat is being pulled into a dock by a rope attached to the bow of the boat and passing through a pulley on the dock that is 1 m higher than the bow of the boat. If the rope is pulled in at a rate of 1 m/s, how fast is the boat approaching the dock when it is 8 m from the dock?','$\\sqrt{65}/8$ m/s.','related rates','Related rates trig functions.');
INSERT INTO problems VALUES (178,'Water is leaking how of an inverted conical tank at a rate of 100 cm$^3$/min at the same time that water is being pumped into the tank at a constant rate. The tank has height 6 m and the diameter at the top is 4 m. If the water level is rising at a rate of 20 cm/min when the height of the water is 2 m, find the rate at which the water is being pumped into the tank.','$\\frac{240\\pi}{27}+100$ cm/s.','related rates','Related rates similar triangles cone volume.');
INSERT INTO problems VALUES (179,'A lighthouse is located on a small island 3 km away from the nearest point $P$ on a straight shoreline and its light makes 4 revolutions per minute. How fast is the beam of light moving along the shoreline when it is 2 km from $P$?','$80\\pi/3$ km/min.','related rates','Related rates trig functions.');
INSERT INTO problems VALUES (180,'A Ferris wheel with a radius of 10 m is rotating at a rate of one revolution every 2 minutes. How fast is a rider rising when his seat is 16 m above ground level?','$8\\pi$ m/min.','related rates','Related rates trig functions.');
INSERT INTO problems VALUES (181,'A plane flying at a constant sped of 200 km/h passes over a ground radar station at an altitude of 1 km and climbs at an angle of 30$^\\circ$. At what rate is the distance from the plane to the radar station increasing a minute later?','$\\frac{1650}{\\sqrt{31}}$ km/h.','related rates','Related rates law of cosines.');
INSERT INTO problems VALUES (182,'The minute hand on a watch is 8 mm long and the hour hand is 4 mm long. How fast is the distance between the tips of the hands changing at one o\'clock?','$-\\frac{88\\pi}{3\\sqrt{80-32\\sqrt 3}}$ mm/min.','related rates','Related rates law of cosines.');
INSERT INTO problems VALUES (183,'If $f$ is continuous, then $f$ is differentiable.','False.','true false','True and false differentiability.');
INSERT INTO problems VALUES (184,'If $f$ is differentiable, then $f$ is continuous.','True.','true false','True and false differentiability.');
INSERT INTO problems VALUES (185,'If $f$ is odd, then $f$ has an inverse.','False.','true false','True and false invertibility.');
INSERT INTO problems VALUES (186,'If $f$ has an inverse, then $f$ is not even.','True.','true false','True and false invertibility.');
INSERT INTO problems VALUES (187,'If $\\displaystyle\\lim_{x\\to 4} f(x)=-1=f(4)$, then there is some number $\\delta$ with $f$ negative on $(4-\\delta,4+\\delta)$.','True.','true false','True and false delta epsilon.');
INSERT INTO problems VALUES (188,'If $f$ is increasing on $(-\\infty, \\infty)$, then $f$ has an inverse.','True.','true false','True and false invertibility.');
INSERT INTO problems VALUES (189,'If $f(1)=7$, then $\\displaystyle\\lim_{x\\to 0} f(e^x)=7$.','False.','true false','True and false continuity.');
INSERT INTO problems VALUES (190,'$\\displaystyle\\lim_{x\\to \\infty} (x+3) -\\displaystyle\\lim_{x\\to \\infty} (x)=3$.','False.','true false','True and false limits.');
INSERT INTO problems VALUES (191,'$\\sqrt{9.04}$','$3.00\\bar{6}$','lin approx','Linear approximation square root.');
INSERT INTO problems VALUES (192,'$e^{0.2}$','1.2','lin approx','Linear approximation exponential.');
INSERT INTO problems VALUES (193,'$(3.95)^3$','61.6','lin approx','Linear approximation power.');
INSERT INTO problems VALUES (194,'$(4.02)^3+2(4.02)^2-(4.02)-10$','83.26','lin approx','Linear approximation power.');
INSERT INTO problems VALUES (195,'$\\ln 2$','$1+\\frac{2-e}{e}\\approx.74$','lin approx','Linear approximation logarithm.');
INSERT INTO problems VALUES (196,'$\\sec (40^\\circ)$','$\\sqrt{2}(1-\\pi/36)$','lin approx','Linear approximation trig.');
INSERT INTO problems VALUES (197,'$y=\\text{tanh}(\\sin(e^{-x}))$','$y\'=-\\text{sech}^2(\\sin(e^{-x}))\\cos(e^{-x})e^{-x}$','derivative','Hyperbolic chain rule.');
INSERT INTO problems VALUES (198,'$y=\\text{sinh}\\left(\\sqrt{x^4+1}\\right)$ ','$y\'=4x^3\\text{cosh}(\\sqrt{x^4+1})(1/2)(x^4+1)^{-1/2}$','derivative','Hyperbolic chain rule.');
INSERT INTO problems VALUES (199,'$y=\\sqrt[6]{\\displaystyle\\frac{1+\\text{tanh}^2(x)}{\\ln x}}$','$\\displaystyle y\'=(1/6)\\left(\\frac{1+\\text{tanh}^2(x)}{\\ln x}\\right)^{-5/6}\\left(\\frac{2\\ln x\\text{tanh}(x)\\text{sech}^2(x)-(1+\\text{tanh}^2x)/x}{(\\ln x)^2}\\right)$','derivative','Hyperbolic chain rule quotient rule.');
INSERT INTO problems VALUES (200,'$y=x \\text{coth}\\left(4+x^3\\right)$','$y\'=\\text{coth}(4+x^3)-3x^3\\text{csch}^2(4+x^3)$','derivative','Hyperbolic chain rule.');
INSERT INTO problems VALUES (201,'$y=x^{\\text{sech}(x)}$','$y\'=x^{\\text{sech} x}(\\text{sech} (x)/x-\\text{sech} x\\tan x\\ln x)$','derivative','Hyperbolic logarithmic differentiation.');
INSERT INTO problems VALUES (202,'$y=(\\text{tanh}(x))^{\\ln (x^4+1)}$ ','$y\'=(\\text{tanh} x)^{\\ln(x^4+1)}(4x^3\\ln(\\text{tanh} x)/(x^4+1)+\\text{sech}^2x\\ln(x^4+1)/\\text{tanh} x)$','derivative','Hyperbolic logarithmic differentiation.');
INSERT INTO problems VALUES (203,'$y=\\text{sinh}(x)\\text{cosh}(x)\\text{tanh}(x)$','$y\'=2\\text{sinh}(x)\\text{cosh}(x)$','derivative','Hyperbolic product rule.');
INSERT INTO problems VALUES (204,'$y=\\displaystyle\\frac{\\text{sinh}(x)}{\\text{cosh}(x)\\text{tanh}(x)}$','$y\'=0$','derivative','Hyperbolic cancel.');
INSERT INTO problems VALUES (205,'$\\displaystyle \\lim_{x\\to 1} \\frac{x^2-1}{x^2-x}$','2','limit','Factor limit.');
INSERT INTO problems VALUES (206,'$\\displaystyle \\lim_{x\\to\\infty} \\frac{\\ln \\ln x}{x}$','0','limit','L\'Hopital.');
INSERT INTO problems VALUES (207,'$\\displaystyle \\lim_{x\\to \\infty} x^{-4}e^x$','$\\infty$','limit','L\'Hopital.');
INSERT INTO problems VALUES (208,'$\\displaystyle \\lim_{x\\to -\\infty} e^{x} (x^3+14x^2+2009)$','0','limit','L\'Hopital.');
INSERT INTO problems VALUES (209,'$\\displaystyle \\lim_{x\\to 0} \\frac{\\sin^{-1} x}x$','1','limit','L\'Hopital.');
INSERT INTO problems VALUES (210,'$\\displaystyle \\lim_{x \\to 0} \\frac{\\sin x}{x^4}$','DNE','limit','L\'Hopital.');
INSERT INTO problems VALUES (211,'$\\displaystyle \\lim_{x\\to \\infty} \\left(\\sqrt{x^2+x}-x\\right)$','1/2','limit','L\'Hopital.');
INSERT INTO problems VALUES (212,'$\\displaystyle \\lim_{x\\to 0} \\frac{\\text{cosh}(x)-1}{\\tan x}$','0','limit','L\'Hopital.');
INSERT INTO problems VALUES (213,'$\\displaystyle \\lim_{x\\to 0^+} \\sin x \\ln x$','0','limit','L\'Hopital.');
INSERT INTO problems VALUES (214,'$\\displaystyle \\lim_{x\\to 0} (\\csc x - \\cot x)$','0','limit','L\'Hopital.');
INSERT INTO problems VALUES (215,'$\\displaystyle \\lim_{x\\to 1} (2-x)^{\\tan (\\pi x/2)}$','$e^{2/\\pi}$','limit','L\'Hopital.');
INSERT INTO problems VALUES (216,'$\\displaystyle \\lim_{x\\to \\infty} (x^2e^{1/x}-x^2)$','0','limit','L\'Hopital.');
INSERT INTO problems VALUES (217,'$\\displaystyle \\lim_{x \\to \\infty} (e^x+x)^{1/x}$','$e$','limit','L\'Hopital.');
INSERT INTO problems VALUES (218,'Find a positive number such that the sum of the number and its reciprocal is as small as possible.','$1$','optimization','Multiplication optimization.');
INSERT INTO problems VALUES (219,'Find the dimensions of a rectangle with perimeter 100 m whose area is as large as possible.','$25\\times 25$','optimization','Rectangle optimization.');
INSERT INTO problems VALUES (220,'A farmer wants to fence an area of 100 million square feet in a rectangular field and then divide it in half with a fence parallel to one of the sides of the rectangle. How can he do this so as to minimize the cost of the fence?','$x=\\sqrt{3/200}$ million ft, $y=\\frac{100}{\\sqrt{3/200}}$ million ft','optimization','Fence rectangle optimization.');
INSERT INTO problems VALUES (221,'A piece of wire 10 m long is cut into two pieces. One piece is bent into a square and the other is bent into an equilateral triangle. How should the wire be cut so that the total area enclosed is (a) a maximum? (b) a minimum?','maximum: all area is used for the square. minimum: side of the square is equal to $\\frac{40\\sqrt{3}}{9+4\\sqrt 3}$','optimization','Square triangle area optimization.');
INSERT INTO problems VALUES (222,'Find the area of the largest rectangle that can be inscribed in a right triangle with legs of length 3 cm and 4 cm if two sides of the rectangle lie along the legs.','$3$','optimization','Rectangle triangle area optimization.');
INSERT INTO problems VALUES (223,'A right circular cylinder is inscribed in a cone with height $h$ and base radius $r$. Find the largest possible surface area of such a cylinder.','height$=\\frac{hr(2-h)}{2-2h}$, radius$=\\frac{rh}{2-2h}$','optimization','Cone cylinder optimization.');
INSERT INTO problems VALUES (224,'At which point on the curve $y=1+40x^3-3x^5$ does the tangent line have the largest slope?','$(-2,-223)$ and $(2,225)$','optimization','Slope optimization.');
INSERT INTO problems VALUES (225,'Find the length of the shortest line segment that is cut off by the first quadrant and passes through $(3,4)$.','$3\\sec(\\arctan(\\sqrt[3]{4/3}))+4\\csc (\\arctan(\\sqrt[3]{4/3}))$','optimization','Line segment optimization.');
INSERT INTO problems VALUES (226,'An isosceles triangle has a fixed perimeter $P$. Find the dimensions of the triangle which will maximize its area.','All sides have length $P/3$','optimization','Isosceles triangle optimization.');
INSERT INTO problems VALUES (227,'A box is made out of a 10 ft by 20 ft piece of cardboard by cutting $x$ by $x$ squares out of the corners. Find the value of $x$ which maximizes the volume of the box.','$x=5-\\frac{\\sqrt{75}}{3}$','optimization','Box optimization.');
INSERT INTO problems VALUES (228,'$\\displaystyle \\int (x^4+\\pi x^3-2\\sqrt{x})\\,dx$','$x^5/5+\\pi x^4/4-4x^{3/2}/3+C$','integral','Easy integral.');
INSERT INTO problems VALUES (229,'$\\displaystyle \\int \\left( \\sin x + \\text{cosh} (x) - \\frac{1}{x}\\right)\\,dx$','$-\\cos x+\\sinh x-\\ln|x|+C$','integral','Easy hyperbolic integral.');
INSERT INTO problems VALUES (230,'$\\displaystyle \\int \\sec^2 x\\,dx$','$\\tan x+C$','integral','Easy integral.');
INSERT INTO problems VALUES (231,'$\\displaystyle \\int \\sin x - e^{3x}\\,dx$','$-\\cos x-e^{3x}/3+C$','integral','U substitution integral.');
INSERT INTO problems VALUES (232,'$\\displaystyle \\int_{0}^1 \\frac{4}{x^2+1}\\,dx$','$\\pi$','integral','Inverse trig integral.');
INSERT INTO problems VALUES (233,'$\\displaystyle \\int_2^3 \\frac{x^4+1}{x^3}\\,dx$','$9/2-1/18-2+1/8$','integral','Easy integral.');
INSERT INTO problems VALUES (234,'$\\displaystyle \\int 5^{x+14}\\,dx$','$5^{x+14}/\\ln5+C$','integral','Fundamental theorem of calculus.');
INSERT INTO problems VALUES (235,'$\\displaystyle \\int_{0}^2 \\sqrt{4-x^2}\\,dx$','$\\pi$','integral','Circle integral.');
INSERT INTO problems VALUES (236,'$\\displaystyle \\int \\frac{4}{\\sqrt{1-x^2}}\\,dx$','$4\\arcsin x+C$','integral','Inverse trig integral.');
INSERT INTO problems VALUES (237,'$[[f]]=x^{1/3}$ on $[1,8]$.','Min: $(1,1)$, Max: $(8,2)$','absolute extrema','Absolute max and min.');
INSERT INTO problems VALUES (238,'$[[f]]=x^2-2x-3$ on $[-2,3]$.','Min: $(1,-4)$, Max: $(-2,5)$','absolute extrema','Absolute max and min.');
INSERT INTO problems VALUES (239,'$[[f]]=-x^2+4x+6$ on $[0,5]$.','Min: $(5,1)$, Max: $(2,10)$','absolute extrema','Absolute max and min.');
INSERT INTO problems VALUES (240,'$[[f]]=-x^2+4x+6$ on $[3,6]$.','Min: $(6,-3)$, Max: $(3,9)$','absolute extrema','Absolute max and min.');
INSERT INTO problems VALUES (241,'$[[f]]=9x-x^{-1}$ on $[1,4]$.','Min: $(1,8)$, Max: $(4,143/4)$','absolute extrema','Absolute max and min.');
INSERT INTO problems VALUES (242,'$[[f]]=\\displaystyle\\frac{1}{3}x^3-x$ on $[0,2]$.','Min: $(1,-2/3)$, Max: $(2,2/3)$','absolute extrema','Absolute max and min.');
INSERT INTO problems VALUES (243,'$[[f]]=x\\sqrt{4-x^2}$ on $[0,2]$.','Min: $(2,0)$ and $(0,0)$, Max: $(\\sqrt 2,2)$','absolute extrema','Absolute max and min.');
INSERT INTO problems VALUES (244,'$[[f]]=\\displaystyle\\frac{x}{x^2+2}$ on $[-1,2]$.','Min: $(-1,-1/3)$, Max: $(2,1/3)$','absolute extrema','Absolute max and min.');
INSERT INTO problems VALUES (245,'$[[f]]=\\sin x + \\cos x$ on $[-\\pi/4, 3\\pi/4]$.','Min: $(-\\pi/4,0)$ and $(3\\pi/4,0)$, Max: $(\\pi/4,\\sqrt 2)$','absolute extrema','Absolute max and min.');
INSERT INTO problems VALUES (246,'$[[f]]=\\ln x +4x-7$ on $[1,5]$.','Min: $(1,-3)$, Max: $(5,\\ln 5 + 13)$','absolute extrema','Absolute max and min.');
INSERT INTO problems VALUES (247,'$[[f]]=e^{\\sin x}$ on $[-\\pi,\\pi]$.','Min: $(-\\pi/2,1/e)$, Max: $(\\pi/2,e)$','absolute extrema','Absolute max and min.');
INSERT INTO problems VALUES (248,'$[[f]]=\\text{tanh}(1/x)$ on $[1,3]$.','Min: $(1,\\frac{e-1/e}{e+1/e})$, Max: $(3,\\frac{e^3-e^{-3}}{e^3+e^{-3}})$','absolute extrema','Absolute max and min.');
INSERT INTO problems VALUES (249,'$\\displaystyle\\int \\cos (\\pi x) \\,dx$','$\\frac1\\pi \\sin(\\pi x) +C$','integral','U substitution.');
INSERT INTO problems VALUES (250,'$\\displaystyle\\int \\sqrt{\\cos x}\\sin x\\, dx$','$-\\frac23 (\\cos x)^{3/2}+C$','integral','U substitution.');
INSERT INTO problems VALUES (251,'$\\int_0^\\pi \\frac{\\cos x}{1+\\sin x}\\,dx$ ','$0$','integral','U substitution.');
INSERT INTO problems VALUES (252,'$\\displaystyle\\int_1^{\\sqrt{3}} \\arctan(1/x)\\,dx$','$\\frac{1}{12} \\left(\\left(-3+2 \\sqrt{3}\\right) \\pi +\\ln(64)\\right)$','integral','Integration by parts.');
INSERT INTO problems VALUES (253,'$\\displaystyle\\int x^2\\sin x\\,dx$','$(2-x^2)\\cos x + 2x\\sin x +C$','integral','Integration by parts twice.');
INSERT INTO problems VALUES (255,'$\\displaystyle\\int xe^{x^2} dx$','$\\frac12 e^{x^2} C$','integral','U substitution.');
INSERT INTO problems VALUES (256,'$\\displaystyle\\int x \\sqrt{x+1}\\, dx$','$\\frac25 (x+1)^{5/2}-\\frac23(x+1)^{3/2} +C$','integral','U substitution.');
INSERT INTO problems VALUES (258,'$\\displaystyle\\int \\frac{\\ln x}{2x}\\, dx$','$\\frac14(\\ln x)^2+C$','integral','U substitution.');
INSERT INTO problems VALUES (259,'$\\displaystyle\\int \\frac{x e^{x^2}}{e^{x^2}+1}\\, dx$','$\\frac12 \\ln\\left|1+e^{x^2}\\right|+C$','integral','U substitution.');
INSERT INTO problems VALUES (260,'$\\displaystyle\\int_0^1 \\frac{x-5}{\\sqrt{x+\\pi}}\\, dx$','$\\frac{1}{3} \\left(30 \\sqrt{\\pi }+4 \\pi ^{3/2}-4 \\sqrt{1+\\pi } (7+\\pi )\\right)$','integral','U substitution.');
INSERT INTO problems VALUES (261,'$\\displaystyle\\int (x+1) \\sin(x^2+2x)\\, dx$','$-\\frac12 \\cos(x^2+2x)+C$','integral','U substitution.');
INSERT INTO problems VALUES (262,'$\\displaystyle\\int \\tan^2\\theta \\sec^2\\theta\\, d\\theta$','$\\frac13 \\tan^3 \\theta  C$','integral','U substitution.');
INSERT INTO problems VALUES (263,'$\\displaystyle\\int \\sec^3 x \\tan x\\, dx$','$\\frac13 \\sec^3 x+C$','integral','U substitution.');
INSERT INTO problems VALUES (264,'$\\displaystyle\\int \\sin(\\ln x)\\, dx$','$\\frac x2 \\left(\\sin(\\ln(x))-\\cos(\\ln(x))\\right)+C$','integral','U substitution, integration by parts twice, subtract over.');
INSERT INTO problems VALUES (265,'$\\displaystyle\\int e^{-x} \\cos(2x)\\, dx$','$-\\frac15 e^{-x}(\\cos (2x)-2\\sin(2x))+C$','integral','Integration by parts twice, subtract over.');
INSERT INTO problems VALUES (266,'$\\displaystyle\\int x\\ln(x+1)\\, dx$','$\\frac12 ((x^2-1)\\ln (x+1) +x-\\frac12 x^2)+C$','integral','Integration by parts.');
INSERT INTO problems VALUES (267,'$\\displaystyle\\int \\csc^2 x(\\cot x -1)^3\\, dx$','$-\\frac14 (\\cot x - 1)^4+C$','integral','U substitution.');
INSERT INTO problems VALUES (268,'$\\int_1^{e^{\\pi/2}} \\cos (\\ln x)\\,dx$','$\\frac12 (e^{\\pi/2}-1)$','integral','U substitution, integration by parts twice, subtract over.');
INSERT INTO problems VALUES (269,'$\\displaystyle\\int \\frac{\\sin (\\ln x)}{x}\\,dx$','$-\\cos(\\ln x) C$','integral','U substitution.');
INSERT INTO problems VALUES (271,'$\\displaystyle\\int \\cos^3 x \\sin^2 x \\,dx$','$\\frac13 \\sin^3 x-\\frac15 \\sin^5 x+C$','integral','U substitution trig integral.');
INSERT INTO problems VALUES (272,'$\\displaystyle\\int x\\cos x\\,dx$','$\\cos x + x\\sin x +C$','integral','Integration by parts.');
INSERT INTO problems VALUES (273,'$\\displaystyle\\int e^x \\sin (\\pi x)\\,dx$','$\\frac1{1+\\pi^2} e^x(-\\pi \\cos(\\pi x)+\\sin(\\pi x))+C$','integral','Integration by parts twice, subtract over.');
INSERT INTO problems VALUES (274,'$\\displaystyle\\int_0^5 x\\ln (x+1)\\,dx$','$-\\frac{15}4+12\\ln 6$','integral','Integration by parts.');
INSERT INTO problems VALUES (276,'$\\displaystyle \\int_{-\\infty}^\\infty e^{-|x|}~dx$','2','integral','Infinite integral, needs two cases.');
INSERT INTO problems VALUES (330,'$\\int_0^\\pi \\frac{\\cos x}{1+\\sin x}\\,dx$','0','integral','');
INSERT INTO problems VALUES (331,'$\\int x \\sin^4 x\\,dx$','$\\frac{3}{16}x^2-\\frac{1}{8} \\cos(2 x)+\\frac{1}{128} \\cos(4 x)-\\frac{1}{4} x \\sin(2 x)+\\frac{1}{32} x \\sin(4 x)+C$','integral','');
INSERT INTO problems VALUES (332,'$\\int_{-\\pi}^\\pi \\sin^{21} x\\,dx$','0','integral','');
INSERT INTO problems VALUES (477,'$\\int \\sin^2(x) \\cos^2(x)~dx$','$\\frac18x - \\frac{1}{32}\\sin(4x) + C$','integral','');
INSERT INTO problems VALUES (334,'$\\int \\sqrt{3-2x-x^2}\\,dx$','$\\frac{1}{2} (1+x) \\sqrt{3-2 x-x^2}+2 \\arcsin\\left(\\frac{1+x}{2}\\right)$','integral','');
INSERT INTO problems VALUES (335,'$\\int e^{2x} \\cos x \\,dx$','$\\frac{1}{5} e^{2 x} (2 \\cos(x)+\\sin(x))+C$','integral','');
INSERT INTO problems VALUES (336,'$\\int_0^5 \\frac{3w-1}{w-2}\\,dw$','Diverges','integral','');
INSERT INTO problems VALUES (337,'$\\int_0^1 x^4 \\ln(\\sqrt x) dx$','$-1/50$','integral','');
INSERT INTO problems VALUES (338,'$\\int \\frac{5}{\\sin x\\cos x}\\,dx$','$5\\ln|\\tan x|+C$','integral','');
INSERT INTO problems VALUES (339,'$\\int \\frac{e^{\\sqrt x}}{\\sqrt x} dx$','$2e^{\\sqrt{x}}+C$','integral','');
INSERT INTO problems VALUES (340,'$\\int \\frac{1-\\tan x}{1+\\tan x}\\,dx$','$\\ln|\\cos x + \\sin x|+C$','integral','');
INSERT INTO problems VALUES (341,'$\\int \\arcsin x \\, dx$','$\\sqrt{1-x^2}+x \\arcsin(x)+C$','integral','');
INSERT INTO problems VALUES (342,'$\\int \\sqrt{2+4e^x}\\,dx$','$2\\sqrt{2+4e^x}+\\sqrt 2 \\ln\\left(\\frac{\\sqrt{2+4e^x}-\\sqrt 2}{\\sqrt{2+4e^x}+\\sqrt 2}\\right)+C$','integral','');
INSERT INTO problems VALUES (343,'$\\int \\frac{1}{\\sqrt{4y^2-4y-3}}\\,dy$','$\\frac{1}{2} \\ln\\left|-1+2 y+\\sqrt{4 y^2-4y-3}\\right|+C$','integral','');
INSERT INTO problems VALUES (344,'$\\int x \\tan^2 x\\,dx$','$-\\frac{x^2}{2}+\\ln|\\cos(x)|+x \\tan(x)+C$','integral','');
INSERT INTO problems VALUES (345,'$\\int_{-1}^1 x^7 \\sec x\\,dx$','$0$','integral','');
INSERT INTO problems VALUES (346,'$\\int \\frac{16}{(4+x^2)^2} \\, dx$','$16 \\left(\\frac{x}{8 \\left(4+x^2\\right)}+\\frac{1}{16} \\arctan\\left(\\frac{x}{2}\\right)\\right)+C$','integral','');
INSERT INTO problems VALUES (347,'$\\int \\csc^3 x \\cot x dx$','$-\\frac{1}{3} \\csc^3 (x)+C$','integral','');
INSERT INTO problems VALUES (348,'$\\int \\frac{1}{\\sqrt{x+1}+\\sqrt x}\\,dx$','$\\frac{2}{3} \\left(-x^{3/2}+(1+x)^{3/2}\\right)+C$','integral','');
INSERT INTO problems VALUES (349,'$\\int_1^{e^{\\pi/2}} \\sin (\\ln (x^3))\\,dx$','$\\frac{1}{10} \\left(3-e^{\\pi /2}\\right)$','integral','');
INSERT INTO problems VALUES (350,'$\\int \\frac{\\cos(3 \\tan x)\\sec x}{\\cos x}\\,dx$','$\\frac{1}{3} \\sin(3 \\tan(x))+C$','integral','');
INSERT INTO problems VALUES (352,'$\\int x \\sin x \\cos x\\,dx$','$-\\frac{1}{4} x \\cos(2 x)+\\frac{1}{8} \\sin(2 x)+C$','integral','');
INSERT INTO problems VALUES (353,'$\\int \\frac{1}{x\\sqrt{4x+1}}\\,dx$','$\\ln\\left|-1+\\sqrt{1+4 x}\\right|-\\ln\\left|1+\\sqrt{1+4 x}\\right|+C$','integral','');
INSERT INTO problems VALUES (354,'$\\int \\frac{e^x}{(e^x-2)(e^{2x}+1)} \\,dx$','$-\\frac{2}{5} \\arctan(e^x)+\\frac{1}{5} \\ln\\left|-2+e^x\\right|-\\frac{1}{10} \\ln\\left(1+e^{2 x}\\right)+C$','integral','');
INSERT INTO problems VALUES (355,'$\\int \\frac{x^3+x^2+2x+1}{x^4+3x^2+2}\\,dx$','$\\frac{\\arctan\\left(\\frac{x}{\\sqrt{2}}\\right)}{\\sqrt{2}}+\\frac{1}{2} \\ln\\left|1+x^2\\right|+C$','integral','');
INSERT INTO problems VALUES (356,'$\\int_{-\\infty}^\\infty x^3\\,dx$','Diverges','integral','');
INSERT INTO problems VALUES (357,'$\\int_{-\\infty}^1 e^{3x}\\,dx$','$\\frac{1}{3}e^3$','integral','');
INSERT INTO problems VALUES (358,'$\\int_1^\\infty \\frac{dx}{\\sqrt{x}}$','Diverges','integral','');
INSERT INTO problems VALUES (359,'$\\int_e^\\infty \\frac{1}{x(\\ln x)^3}\\,dx$','$\\frac{1}{2}$','integral','');
INSERT INTO problems VALUES (360,'$\\int_{-\\infty}^\\infty \\frac{x}{1+x^2}\\,dx$','Diverges','integral','');
INSERT INTO problems VALUES (361,'$\\int_0^3 \\frac{dx}{x^2-6x+5}$','Diverges','integral','');
INSERT INTO problems VALUES (362,'$\\int_0^2 x^2 \\ln x\\,dx$','$\\frac{8}{3}\\ln(2)-\\frac{8}{9}$','integral','');
INSERT INTO problems VALUES (363,'$\\int_0^1 \\frac{1}{4x-1}\\,dx$','Diverges','integral','');
INSERT INTO problems VALUES (364,'$\\int_0^1 \\frac{dx}{\\sqrt{1-x^2}}$','$\\frac{\\pi}{2}$','integral','');
INSERT INTO problems VALUES (365,'$\\int_{-\\infty}^\\infty \\cos^2 x \\,dx$','Diverges','integral','');
INSERT INTO problems VALUES (366,'$\\int_6^8 \\frac 4{(x-6)^3}\\,dx$','Diverges','integral','');
INSERT INTO problems VALUES (367,'$\\int_0^\\infty x\\ln x\\,dx$','Diverges','integral','');
INSERT INTO problems VALUES (368,'$\\int_1^\\infty e^{-\\sqrt x}\\,dx$','$\\frac{4}{e}$','integral','');
INSERT INTO problems VALUES (369,'$\\int_{-2}^3 \\frac{1}{x^4}\\,dx$','Diverges','integral','');
INSERT INTO problems VALUES (370,'$\\int_{-2}^3 \\frac{1}{x^{1/3}}\\,dx$','$\\frac{3}{2}(3^{2/3}-2^{2/3})$','integral','');
INSERT INTO problems VALUES (371,'$\\int_{-\\infty}^\\infty \\frac{e^{-x}}{1-e^{-2x}}\\,dx$','Diverges','integral','');
INSERT INTO problems VALUES (372,'$\\int_0^\\infty \\frac{x}{x^3+1}\\,dx$','Converges','improper integral','');
INSERT INTO problems VALUES (373,'$\\int_{-\\infty}^{-2} \\frac{1}{x+1}\\,dx$','Diverges','improper integral','');
INSERT INTO problems VALUES (374,'$\\int_0^1 \\frac{\\sec^2 x}{x\\sqrt x}\\,dx$','Diverges','improper integral','');
INSERT INTO problems VALUES (375,'$\\int_{1}^\\infty e^{-x^2}\\,dx$','Converges','improper integral','');
INSERT INTO problems VALUES (376,'$\\int_{1}^\\infty xe^{-x^4}\\,dx$','Converges','improper integral','');
INSERT INTO problems VALUES (377,'$\\int_0^\\infty \\frac{\\arctan x}{2+e^x}\\,dx$','Converges','improper integral','');
INSERT INTO problems VALUES (378,'$\\int_1^\\infty \\frac{\\sin^6 x}{x^5}\\,dx$','Converges','improper integral','');
INSERT INTO problems VALUES (379,'$\\int_1^\\infty \\frac{x+1}{\\sqrt{x^4-x}}\\,dx$','Diverges','improper integral','');
INSERT INTO problems VALUES (380,'For which values of $p$ is $\\int_0^1 \\frac{1}{x^p}\\,dx$ convergent?','$p<1$','solo','');
INSERT INTO problems VALUES (381,'For which values of $p$ is $\\int_0^\\infty \\frac{1}{x^p}\\,dx$ convergent?','None','solo','');
INSERT INTO problems VALUES (382,'$y=x^{3/2}$, $0\\leq x \\leq 1$.','$(1/27)(13^{3/2}-8)$','arclength','');
INSERT INTO problems VALUES (383,'$x=\\frac{y^4}{8}+\\frac{1}{4y^2}$, $1\\leq y \\leq 2$.','2-(1/128)','arclength','');
INSERT INTO problems VALUES (384,'$\\sec x = e^y$ between $(0,0)$ and $(\\pi/4,\\ln(\\sqrt 2))$.','$\\ln(\\sqrt 2 +1)$','arclength','');
INSERT INTO problems VALUES (385,'$x^2=1-e^y$ between $(0,0)$ and $(1/2, \\ln(3/4))$.','$\\ln3-1/2$','arclength','');
INSERT INTO problems VALUES (386,'$y=\\frac{x^6+8}{16x^2}$, $2\\leq x \\leq 3$.','$8+(2/7)(3^7-2^7)$','arclength','');
INSERT INTO problems VALUES (387,'$24xy=y^4+48$, $2\\leq y \\leq 4$.','$17/6$','arclength','');
INSERT INTO problems VALUES (388,'$[[f]]=\\frac{1}{x^7-x^3}$','$\\frac{A}{x}+\\frac{B}{x^2}+\\frac{C}{x^3}+\\frac{D}{x-1}+\\frac{E}{x+1}+\\frac{Fx+G}{x^2+1}$','partial fraction decomp','');
INSERT INTO problems VALUES (389,'$[[f]]=\\frac{1}{(x^2-4)(x^2+9)(x-3)^2}$','$\\frac{A}{x-2}+\\frac{B}{x+2}+\\frac{Cx+D}{x^2+9}+\\frac{D}{x-3}+\\frac{E}{(x-3)^2}$','partial fraction decomp','');
INSERT INTO problems VALUES (390,'$[[f]]=\\frac{2x^7+2008}{(x+4)^3(2x-1)(x^2+1)^2}$','$\\frac{A}{x+4}+\\frac{B}{(x+4)^2}+\\frac{C}{(x+4)^3}+\\frac{D}{2x-1}+\\frac{Ex+F}{x^2+1}+\\frac{Ex+F}{(x^2+1)^2}$','partial fraction decomp','');
INSERT INTO problems VALUES (391,'$[[f]]=\\frac{1}{(x^3-x^2-2x)^3(x^4-16)^2}$','$\\frac{A}{x}+\\frac{B}{x^2}+\\frac{C}{x^3}+\\frac{D}{x+1}+\\frac{E}{(x+1)^2}+\\frac{F}{(x+1)^3}+\\frac{Gx+H}{x^2+4}+\\frac{Ix+J}{(x^2+4)^2}+\\frac{K}{x-2}+\\frac{L}{(x-2)^2}+\\frac{M}{(x-2)^3}+\\frac{N}{(x-2)^4}+\\frac{O}{(x-2)^5}+\\frac{P}{x+2}+\\frac{Q}{(x+2)^2}$','partial fraction decomp','');
INSERT INTO problems VALUES (392,'$y=x^3$, $0\\leq x \\leq 2$ about the $x$-axis.','$\\frac{\\pi}{27}(145\\sqrt{145}-1)$','surface area','');
INSERT INTO problems VALUES (393,'$x=1+2y^2$, $1\\leq y \\leq 2$ about the $x$-axis.','$\\frac{\\pi}{24}(65\\sqrt{65}-17\\sqrt{17})$','surface area','');
INSERT INTO problems VALUES (394,'$y=1-x^2$, $0\\leq x \\leq 1$ about the $y$-axis.','$\\frac{\\pi}{6}(5\\sqrt{5}-1)$','surface area','');
INSERT INTO problems VALUES (395,'$x=\\sqrt{16-y^2}$, $0\\leq y \\leq 2$ about the $y$-axis.','$16\\pi$','surface area','');
INSERT INTO problems VALUES (396,'$y=\\frac{x^3}{6}+\\frac{1}{2x}$, $\\frac{1}{2}\\leq x \\leq 1$ about the $x$-axis.','$\\frac{263}{256}\\pi$','surface area','');
INSERT INTO problems VALUES (397,'$y=\\frac{1}{4}x^2-\\frac{1}{2}\\ln x$, $1\\leq x \\leq 2$ about the $y$-axis.','$\\frac{10}{3}\\pi$','surface area','');
INSERT INTO problems VALUES (398,'$\\left\\{  \\frac{2+4\\pi n + n^3}{1+n^2-7n^3}  \\right\\}$','$-1/7$','sequence-conv-div','');
INSERT INTO problems VALUES (399,'$\\left\\{  \\frac{3^{2n+1}}{10^{n-3}}  \\right\\}$','0','sequence-conv-div','');
INSERT INTO problems VALUES (400,'$\\left\\{  \\frac{1+(-1)^n}{n}  \\right\\}_{n=1}^\\infty$','0','sequence-conv-div','');
INSERT INTO problems VALUES (401,'$\\left\\{  (-1)^n\\left(\\frac{n^2+4}{2n^2-7}\\right)  \\right\\}_{n=1}^\\infty$','Div','sequence-conv-div','');
INSERT INTO problems VALUES (402,'$\\left\\{  \\frac{1}{2},\\frac{3}{4},\\frac56,\\frac78,\\dots  \\right\\}$','1','sequence-conv-div','');
INSERT INTO problems VALUES (403,'$\\left\\{  e^{-1}, 4e^{-2}, 9e^{-3}, 16e^{-4},\\dots  \\right\\}$','0','sequence-conv-div','');
INSERT INTO problems VALUES (404,'$\\left\\{  \\ln(2/n^2)  \\right\\}_{n=14}^\\infty$','Div','sequence-conv-div','');
INSERT INTO problems VALUES (405,'$ \\left\\{\\frac{n2^n}{n!}\\right\\}$','0','sequence-conv-div','');
INSERT INTO problems VALUES (406,'$\\left\\{  \\ln \\left(\\frac{n^2}{e^n}\\right)  \\right\\}$','Div','sequence-conv-div','');
INSERT INTO problems VALUES (407,'$\\left\\{  \\frac{n!}{2^n}  \\right\\}$','Div','sequence-conv-div','');
INSERT INTO problems VALUES (408,'$\\left\\{  \\left(1-\\frac{2}{n}\\right)^n  \\right\\}$','$e^{-2}$','sequence-conv-div','');
INSERT INTO problems VALUES (409,'$\\left\\{  \\frac{k^n}{n!}  \\right\\}$ for some $k$.','0','sequence-conv-div','');
INSERT INTO problems VALUES (410,'$\\left\\{  \\frac{100n^2+2 \\text{ billion gajillion}}{2n^3-7}  \\right\\}$','0','sequence-conv-div','');
INSERT INTO problems VALUES (411,'$\\left\\{  \\tan (2/n)  \\right\\}$','0','sequence-conv-div','');
INSERT INTO problems VALUES (412,'$ \\left\\{\\frac22,\\frac86,\\frac{24}{24},\\frac{64}{120},\\frac{160}{720},\\dots\\right\\}$','0','sequence-conv-div','');
INSERT INTO problems VALUES (413,'$\\left\\{  \\frac{\\ln n}{n}  \\right\\}$','0','sequence-conv-div','');
INSERT INTO problems VALUES (414,'$ \\left\\{\\frac{1}{64},\\frac{2}{96},\\frac{3}{128},\\dots\\right\\}$','$1/32$','sequence-conv-div','');
INSERT INTO problems VALUES (415,'$\\left\\{  \\frac{\\ln n}{n!}  \\right\\}$','0','sequence-conv-div','');
INSERT INTO problems VALUES (416,'$\\left\\{  \\frac{5+n}{n}+(-1)^n \\sin(n\\pi)  \\right\\}$','1','sequence-conv-div','');
INSERT INTO problems VALUES (417,'$\\left\\{  \\frac{5+n}{n}+(-1)^n \\cos(n\\pi)  \\right\\}$','2','sequence-conv-div','');
INSERT INTO problems VALUES (418,'$\\left\\{  \\cos(\\pi n/2)  \\right\\}$','Div','sequence-conv-div','');
INSERT INTO problems VALUES (419,'$\\left\\{ \\frac{e^{\\frac{n+1}{n}}-2e^{\\frac1{n+2}}}{e^{\\frac{n^2+6n+2}{n^2+2n}}}\\right\\}$','$1-\\frac{2}{e}$','sequence-conv-div','');
INSERT INTO problems VALUES (420,'$\\left\\{  \\frac{2}{5+1}, \\frac{2}{5+\\frac{2}{5+1}}, \\frac{2}{5+\\frac{2}{5+\\frac{2}{5+1}}},\\dots  \\right\\}$','$\\frac{-5+\\sqrt{33}}2$','sequence-conv-div','');
INSERT INTO problems VALUES (421,'The Sierpinski carpet is constructed in the following way. You begin with a square of fabric with side length 1. You then remove the center $1/9$ of your fabric. From the remaining 8 squares, you remove their centers in the same fashion (see the figure below). Repeating this process forever, you end up getting a carpet that looks like a skeleton of its former self. Show that the area removed from the carpet is actually equal to 1, giving us that the remaining carpet actually has area 0. [[IMAGE]]','The answer is given in the problem.','solo','');
INSERT INTO problems VALUES (422,'$\\sum_{n=1}^\\infty \\frac{1}{n+3^n}$','Con','series-con-div','');
INSERT INTO problems VALUES (423,'$\\sum_{n=1}^\\infty (-1)^n\\frac{\\sin (\\pi n)}{\\arctan{n}}$','0','series-con-div','');
INSERT INTO problems VALUES (424,'$\\sum_{n=1}^\\infty n^3e^{-n}$','Con','series-con-div','');
INSERT INTO problems VALUES (425,'$\\sum_{n=1}^\\infty e^{-n}\\sin n$','Con','series-con-div','');
INSERT INTO problems VALUES (426,'$\\sum_{n=1}^\\infty \\left(\\ln(2n)-\\ln(2n+2)\\right)$','Div','series-con-div','');
INSERT INTO problems VALUES (427,'$\\sum_{n=1}^\\infty \\frac{1}{n^2}-\\frac{1}{n}$','Div','series-con-div','');
INSERT INTO problems VALUES (428,'$\\sum_{n=1}^\\infty (\\sqrt[n]{4}-1)^n$','Con','series-con-div','');
INSERT INTO problems VALUES (429,'$\\sum_{n=1}^\\infty \\frac{3-\\cos n}{n^{2/3}-2}$','Div','series-con-div','');
INSERT INTO problems VALUES (430,'$\\sum_{n=1}^\\infty \\frac{3^{n+2}}{2^{2n-1}}$','54','series-con-div','');
INSERT INTO problems VALUES (431,'$\\sum_{n=1}^\\infty (-1)^n(\\sqrt[n]{4}-1)$','Con','series-con-div','');
INSERT INTO problems VALUES (432,'$\\sum_{n=1}^\\infty \\frac{(-3)^n}{n!}$','Con','series-con-div','');
INSERT INTO problems VALUES (433,'$\\sum_{n=1}^\\infty \\frac{n!}{2\\cdot 5 \\cdot 8 \\cdot \\dots \\cdot (3n+2)}$','Con','series-con-div','');
INSERT INTO problems VALUES (434,'$\\sum_{n=1}^\\infty \\frac1{n\\sqrt{\\ln (2n)}}$','Div','series-con-div','');
INSERT INTO problems VALUES (435,'$\\sum_{n=1}^\\infty \\frac{(-3)^{2n}}{n^n}$','Con','series-con-div','');
INSERT INTO problems VALUES (436,'$\\sum_{n=1}^\\infty \\frac{(-3)^{kn}}{n^n}$ for some $k$.','Con','series-con-div','');
INSERT INTO problems VALUES (437,'$\\sum_{n=2}^\\infty \\frac{1}{(\\ln n)^{\\ln n}}$','Con','series-con-div','');
INSERT INTO problems VALUES (438,'$\\sum_{n=1}^\\infty \\frac{n!}{e^{n^2}}$','Con','series-con-div','');
INSERT INTO problems VALUES (439,'$\\sum_{n=1}^\\infty \\frac{e^{1/n}}{n^2}$','Con','series-con-div','');
INSERT INTO problems VALUES (440,'$\\sum_{n=1}^\\infty \\frac{\\arctan(\\cos(e^{4\\sin n}))}{n^n}$','Con','series-con-div','');
INSERT INTO problems VALUES (441,'$\\sum_{n=1}^\\infty \\frac{\\cos(\\pi n)}{n}$','Con','series-con-div','');
INSERT INTO problems VALUES (442,'$\\sum_{n=1}^\\infty \\frac{\\cos(\\pi n/2)}{n^2}$','Con','series-con-div','');
INSERT INTO problems VALUES (443,'$\\sum_{n=1}^\\infty n\\sin(1/n)$','Div','series-con-div','');
INSERT INTO problems VALUES (444,'$\\sum_{n=1}^\\infty \\left(1+\\frac{1}{n}\\right)^{n^2}$','Div','series-con-div','');
INSERT INTO problems VALUES (445,'$\\sum_{n=1}^\\infty \\frac{\\sqrt{n^2-1}}{(2n-1)^2(n+5)}$','Con','series-con-div','');
INSERT INTO problems VALUES (446,'$\\sum_{n=1}^\\infty \\frac{2}{n^2+2n}$','$3/2$','series-con-div','');
INSERT INTO problems VALUES (447,'$\\sum_{n=3}^\\infty \\frac{2^{3n}}{1600^{\\frac{n+5}{2}}}$','$1.024\\times 10^{-10}$','series-con-div','');
INSERT INTO problems VALUES (448,'$\\sum_{n=1}^\\infty \\frac{n^2}{2^n}$','Abs','absolute conditional conv','');
INSERT INTO problems VALUES (449,'$\\sum_{n=1}^\\infty \\cos(\\pi n) \\left(\\frac{1}{2+n}\\right)$','Cond','absolute conditional conv','');
INSERT INTO problems VALUES (450,'$\\sum_{n=1}^\\infty \\frac{n^n}{3^{1+3n}}$','Div','absolute conditional conv','');
INSERT INTO problems VALUES (451,'$\\sum_{n=1}^\\infty \\frac{(-1)^n}{n \\ln (2n)}$','Cond','absolute conditional conv','');
INSERT INTO problems VALUES (452,'$\\sum_{n=2}^\\infty \\left(\\frac{\\arctan n}{\\ln n}\\right)^n$','Abs','absolute conditional conv','');
INSERT INTO problems VALUES (453,'$\\sum_{n=1}^\\infty (-1)^{n^2}{(\\arctan n)^n}$','Div','absolute conditional conv','');
INSERT INTO problems VALUES (454,'$\\sum_{n=1}^\\infty \\frac{(-1)^{n^5}}{(\\ln n)^{n}}$','Abs','absolute conditional conv','');
INSERT INTO problems VALUES (455,'$\\sum_{n=1}^\\infty \\frac{(-1)^n}{n^{\\ln n}}$','Abs','absolute conditional conv','');
INSERT INTO problems VALUES (456,'$\\sum_{n=1}^\\infty \\left(\\frac{n}{n+1}\\right)^{n^2}$','Div','absolute conditional conv','');
INSERT INTO problems VALUES (457,'If $\\sum_{n=1}^\\infty a_n=2$ with $a_n\\neq 0$, then $\\sum_{n=1}^\\infty \\frac1{a_n}=1/2$. ','F','true false','');
INSERT INTO problems VALUES (458,'If $\\sum_{n=1}^\\infty a_n$ converges and $\\sum_{n=1}^\\infty b_n$ diverges, then $\\sum_{n=1}^\\infty (a_n+b_n)$ diverges.','T','true false','');
INSERT INTO problems VALUES (459,'If $\\sum_{n=1}^\\infty a_n$ and $\\sum_{n=1}^\\infty b_n$ diverge, then $\\sum_{n=1}^\\infty (a_n+b_n)$ diverges.','F','true false','');
INSERT INTO problems VALUES (460,'The sequence $\\left\\{\\frac{r^n}{n}\\right\\}$ converges only when $|r|<1$.','F','true false','');
INSERT INTO problems VALUES (461,'If $\\sum_{n=1}^\\infty a_n$ and $\\sum_{n=1}^\\infty b_n$ converge, then $\\sum_{n=1}^\\infty a_nb_n$ converges.','F','true false','');
INSERT INTO problems VALUES (462,'If $\\sum_{n=1}^\\infty a_n$ diverges, then $\\sum_{n=1}^\\infty |a_n|$ diverges.','T','true false','');
INSERT INTO problems VALUES (463,'If $\\left\\{6^na_n\\right\\}$ converges to $0$, then $\\left\\{(-2)^na_n\\right\\}$ converges to $0$.','T','true false','');
INSERT INTO problems VALUES (464,'If $0\\leq a_n\\leq b_n$ and $\\sum_{n=1}^\\infty b_n$ diverges, then $\\sum_{n=1}^\\infty a_n$ diverges.','F','true false','');
INSERT INTO problems VALUES (465,'If $\\sum_{n=1}^\\infty a_n$ and $\\sum_{n=1}^\\infty b_n$ diverge, then $\\sum_{n=1}^\\infty a_nb_n$ diverges.','F','true false','');
INSERT INTO problems VALUES (466,'If $\\sum_{n=1}^\\infty a_n$ converges and $\\sum_{n=1}^\\infty b_n$ diverges, then $\\sum_{n=1}^\\infty a_nb_n$ diverges.','F','true false','');
INSERT INTO problems VALUES (467,'If $\\sum_{n=1}^\\infty a_n$ converges with $a_n\\neq 0$, then $\\sum_{n=1}^\\infty \\frac1{a_n}$ diverges. ','T','true false','');
INSERT INTO problems VALUES (468,'If $a_n>0$ and $ \\lim_{n\\to \\infty}na_n \\neq 0$, then $\\sum_{n=1}^\\infty a_n$ diverges.','T','true false','');
INSERT INTO problems VALUES (469,'If $\\sum_{n=1}^\\infty a_n$ converges, then $\\sum_{n=1}^\\infty (a_n)^2$ converges.','F','true false','');
INSERT INTO problems VALUES (470,'$[[f]]=\\frac{\\ln(5-x)}{\\sqrt{x^3-8}}$','$(2,5)$','domain','');
INSERT INTO problems VALUES (478,'$\\int \\csc^{10}(x)\\cot^5(x)~dx$','$-\\frac{1}{14}\\csc^{14}(x)+\\frac{1}{6}\\csc^{12}(x) - \\frac{1}{10}\\csc^{10}(x) + C$','integral','');
INSERT INTO problems VALUES (479,'$\\int x^2 e^{2x}~dx$','$\\frac12 x^2 e^{2x}- \\frac12xe^{2x}+\\frac14e^{2x}+C$','integral','');
INSERT INTO problems VALUES (480,'$\\int \\sec x\\,dx$','$\\ln | \\sec(x)+\\tan (x) | +C$','integral','');
INSERT INTO problems VALUES (481,'$\\int \\sec^3 x\\,dx$','$\\frac{1}{2}\\left(\\sec x \\tan x + \\ln | \\sec x + \\tan x| \\right)+C$','integral','');
INSERT INTO problems VALUES (482,'$\\int_0^1 e^{2x}2^{4x}\\,dx$','$\\frac{16e^2-1}{2+\\ln(16)}$','integral','');
INSERT INTO problems VALUES (483,'Find the area of the shaded region in the figure below.\n\n[[IMAGE]]','$\\frac34(2\\pi-3\\sqrt3)$','solo','');
INSERT INTO problems VALUES (484,'$\\int \\frac{\\tan x}{\\sec x-1}\\,dx$','$\\ln |\\sec x -1| - \\ln | \\sec x | +C$','integral','');
INSERT INTO problems VALUES (485,'$\\int \\frac{\\sec x}{\\cot^3 x}\\,dx$','$\\frac{1}{3}\\sec^3 x -\\sec x +C$','integral','');
INSERT INTO problems VALUES (486,'$\\int e^{x+e^x+e^{e^x}}\\,dx$','$e^{e^{e^x}}+C$','integral','');
INSERT INTO problems VALUES (487,'$\\int \\frac{e^{1/\\sqrt{x}}}{x^2}dx$','$2e^{1/\\sqrt{x}}\\left(1-\\frac{1}{\\sqrt x}\\right)+C$','integral','');
INSERT INTO problems VALUES (488,'$\\int_0^{\\pi/3} x\\tan^2 x\\,dx$','$\\frac{\\pi}{\\sqrt{3}}-\\frac{\\pi^2}{18}-\\ln 2$','integral','');
INSERT INTO problems VALUES (489,'$\\int \\frac{1}{\\sqrt{16+4x^2}}dx$','$\\frac{1}{2}\\ln\\left|\\sqrt{x^2+4}+x\\right|+C$','integral','');
INSERT INTO problems VALUES (490,'$\\int_{\\pi/4}^{\\pi/3} \\frac{\\ln(\\tan x)}{\\sin x \\cos x}dx$','$\\frac{\\ln(3)^2}{8}$','integral','');
INSERT INTO problems VALUES (491,'$\\int \\frac{-7\\csc x}{1-\\cos x}dx$','$-\\frac74 \\ln(1-\\cos x)-\\frac14\\ln(\\cos x+1)+\\frac12\\cos x+C$','integral','');
INSERT INTO problems VALUES (492,'$\\int \\frac1{x^7-x}$','$\\frac16 \\ln|x^6-1|-\\ln |x|+C$','integral','');
INSERT INTO problems VALUES (493,'$\\int \\frac1{x^9-x} dx$','$\\frac18 \\ln|x^8-1|-\\ln |x|+C$','integral','');
INSERT INTO problems VALUES (494,'$\\int \\sin(2x)\\sin(\\sin x)\\,dx$','$2\\sin(\\sin x)-2\\sin x\\cos(\\sin x)+C$','integral','');
INSERT INTO problems VALUES (495,'$\\int \\frac{5x^2+2x+2}{x^3-1}~dx$','$3 \\ln|x-1| + \\ln|x^2+x+1| + C$','integral','');
INSERT INTO problems VALUES (496,'$y=\\cos x$, $y=0$, $0\\leq x \\leq \\pi/2$ around the $x$-axis.','$\\pi^2/4$','rotational volume','');
INSERT INTO problems VALUES (497,'$y=\\frac{1}{x^2}+1$, $y=1$, $x=1$ around the $x$-axis.','$7\\pi/3$','rotational volume','');
INSERT INTO problems VALUES (498,'$y=\\sqrt{\\arctan x}$, $y=0$, $x=0$, $x=\\sqrt 3$ around the $x$-axis.','$\\pi^2\\frac{\\sqrt{3}}{3} - \\frac{\\pi}{2}\\ln(4)$','rotational volume','');
INSERT INTO problems VALUES (499,'$y=\\cos^2(x)$, $y=0$, $0\\leq x \\leq \\pi/2$ around the $x$-axis.',' $\\frac{\\pi^2}{8} + \\frac{\\pi^2}{16}$','rotational volume','');
INSERT INTO problems VALUES (500,'$y=\\sin(x)$, $x=\\pi/2$, $x=\\pi$, $y=0$; about the $x$-axis.','$\\pi^2/4$','rotational volume','');
INSERT INTO problems VALUES (501,'$\\int\\frac{-x^3+x^2+3x-9}{x^2+x-2}\\,dx$','$-\\frac{x^2}2+2x+\\ln|x+2|-2\\ln|x-1|+C$','integral','');

--
-- Table structure for table 'probtags'
--

CREATE TABLE probtags (
  uid int(11) NOT NULL auto_increment,
  probid int(11) NOT NULL,
  tagid int(11) NOT NULL,
  PRIMARY KEY  (uid),
  UNIQUE KEY probid (probid,tagid)
) ENGINE=MyISAM AUTO_INCREMENT=1358 DEFAULT CHARSET=utf8 COLLATE=utf8_bin;

--
-- Dumping data for table 'probtags'
--


INSERT INTO probtags VALUES (194,147,12);
INSERT INTO probtags VALUES (552,34,1);
INSERT INTO probtags VALUES (619,39,3);
INSERT INTO probtags VALUES (618,39,1);
INSERT INTO probtags VALUES (1180,36,1);
INSERT INTO probtags VALUES (9,35,1);
INSERT INTO probtags VALUES (10,35,3);
INSERT INTO probtags VALUES (18,32,1);
INSERT INTO probtags VALUES (294,33,3);
INSERT INTO probtags VALUES (293,33,1);
INSERT INTO probtags VALUES (291,31,3);
INSERT INTO probtags VALUES (290,31,1);
INSERT INTO probtags VALUES (1065,145,12);
INSERT INTO probtags VALUES (19,30,3);
INSERT INTO probtags VALUES (20,30,1);
INSERT INTO probtags VALUES (190,42,3);
INSERT INTO probtags VALUES (193,1,1);
INSERT INTO probtags VALUES (24,40,1);
INSERT INTO probtags VALUES (25,40,3);
INSERT INTO probtags VALUES (26,41,1);
INSERT INTO probtags VALUES (27,41,3);
INSERT INTO probtags VALUES (28,43,1);
INSERT INTO probtags VALUES (29,43,3);
INSERT INTO probtags VALUES (197,72,2);
INSERT INTO probtags VALUES (593,206,2);
INSERT INTO probtags VALUES (497,205,93);
INSERT INTO probtags VALUES (553,34,3);
INSERT INTO probtags VALUES (499,207,93);
INSERT INTO probtags VALUES (501,208,93);
INSERT INTO probtags VALUES (503,217,93);
INSERT INTO probtags VALUES (1149,216,2);
INSERT INTO probtags VALUES (508,215,2);
INSERT INTO probtags VALUES (511,214,93);
INSERT INTO probtags VALUES (517,213,2);
INSERT INTO probtags VALUES (1055,212,2);
INSERT INTO probtags VALUES (520,211,93);
INSERT INTO probtags VALUES (522,210,93);
INSERT INTO probtags VALUES (524,209,93);
INSERT INTO probtags VALUES (1024,89,4);
INSERT INTO probtags VALUES (1031,90,5);
INSERT INTO probtags VALUES (1030,90,4);
INSERT INTO probtags VALUES (61,91,4);
INSERT INTO probtags VALUES (62,91,6);
INSERT INTO probtags VALUES (570,92,67);
INSERT INTO probtags VALUES (569,92,7);
INSERT INTO probtags VALUES (65,93,4);
INSERT INTO probtags VALUES (66,93,7);
INSERT INTO probtags VALUES (67,94,4);
INSERT INTO probtags VALUES (68,94,9);
INSERT INTO probtags VALUES (1028,95,9);
INSERT INTO probtags VALUES (1026,95,4);
INSERT INTO probtags VALUES (1027,95,5);
INSERT INTO probtags VALUES (72,96,4);
INSERT INTO probtags VALUES (73,96,7);
INSERT INTO probtags VALUES (74,96,5);
INSERT INTO probtags VALUES (75,97,4);
INSERT INTO probtags VALUES (76,97,7);
INSERT INTO probtags VALUES (77,98,4);
INSERT INTO probtags VALUES (78,98,7);
INSERT INTO probtags VALUES (79,98,5);
INSERT INTO probtags VALUES (80,98,6);
INSERT INTO probtags VALUES (81,99,4);
INSERT INTO probtags VALUES (82,99,7);
INSERT INTO probtags VALUES (83,100,4);
INSERT INTO probtags VALUES (84,100,9);
INSERT INTO probtags VALUES (85,101,4);
INSERT INTO probtags VALUES (86,101,8);
INSERT INTO probtags VALUES (549,102,9);
INSERT INTO probtags VALUES (545,102,4);
INSERT INTO probtags VALUES (548,102,7);
INSERT INTO probtags VALUES (547,102,6);
INSERT INTO probtags VALUES (546,102,5);
INSERT INTO probtags VALUES (1022,103,8);
INSERT INTO probtags VALUES (1021,103,4);
INSERT INTO probtags VALUES (1019,104,8);
INSERT INTO probtags VALUES (1018,104,4);
INSERT INTO probtags VALUES (1016,105,9);
INSERT INTO probtags VALUES (1014,105,7);
INSERT INTO probtags VALUES (1013,105,4);
INSERT INTO probtags VALUES (1015,105,8);
INSERT INTO probtags VALUES (1008,197,7);
INSERT INTO probtags VALUES (1007,197,4);
INSERT INTO probtags VALUES (1010,198,4);
INSERT INTO probtags VALUES (1011,198,7);
INSERT INTO probtags VALUES (1012,198,68);
INSERT INTO probtags VALUES (105,101,67);
INSERT INTO probtags VALUES (568,92,4);
INSERT INTO probtags VALUES (107,97,67);
INSERT INTO probtags VALUES (108,199,4);
INSERT INTO probtags VALUES (109,199,7);
INSERT INTO probtags VALUES (110,199,68);
INSERT INTO probtags VALUES (111,199,6);
INSERT INTO probtags VALUES (112,200,4);
INSERT INTO probtags VALUES (113,200,5);
INSERT INTO probtags VALUES (114,200,7);
INSERT INTO probtags VALUES (115,200,68);
INSERT INTO probtags VALUES (116,201,4);
INSERT INTO probtags VALUES (117,201,9);
INSERT INTO probtags VALUES (118,201,68);
INSERT INTO probtags VALUES (119,202,4);
INSERT INTO probtags VALUES (120,202,7);
INSERT INTO probtags VALUES (121,202,9);
INSERT INTO probtags VALUES (122,202,68);
INSERT INTO probtags VALUES (626,203,68);
INSERT INTO probtags VALUES (625,203,5);
INSERT INTO probtags VALUES (624,203,4);
INSERT INTO probtags VALUES (126,204,4);
INSERT INTO probtags VALUES (127,204,5);
INSERT INTO probtags VALUES (128,204,6);
INSERT INTO probtags VALUES (129,204,68);
INSERT INTO probtags VALUES (189,42,1);
INSERT INTO probtags VALUES (423,135,15);
INSERT INTO probtags VALUES (132,136,15);
INSERT INTO probtags VALUES (133,137,15);
INSERT INTO probtags VALUES (134,138,15);
INSERT INTO probtags VALUES (135,139,15);
INSERT INTO probtags VALUES (137,140,15);
INSERT INTO probtags VALUES (138,141,15);
INSERT INTO probtags VALUES (140,142,15);
INSERT INTO probtags VALUES (1039,143,15);
INSERT INTO probtags VALUES (142,150,69);
INSERT INTO probtags VALUES (420,151,69);
INSERT INTO probtags VALUES (144,152,69);
INSERT INTO probtags VALUES (145,153,69);
INSERT INTO probtags VALUES (146,154,69);
INSERT INTO probtags VALUES (151,174,17);
INSERT INTO probtags VALUES (601,173,17);
INSERT INTO probtags VALUES (152,164,17);
INSERT INTO probtags VALUES (153,165,17);
INSERT INTO probtags VALUES (154,166,17);
INSERT INTO probtags VALUES (1081,167,17);
INSERT INTO probtags VALUES (156,168,17);
INSERT INTO probtags VALUES (157,169,17);
INSERT INTO probtags VALUES (158,170,17);
INSERT INTO probtags VALUES (159,171,17);
INSERT INTO probtags VALUES (160,172,17);
INSERT INTO probtags VALUES (161,175,17);
INSERT INTO probtags VALUES (162,176,17);
INSERT INTO probtags VALUES (163,177,17);
INSERT INTO probtags VALUES (203,178,17);
INSERT INTO probtags VALUES (165,179,17);
INSERT INTO probtags VALUES (166,180,17);
INSERT INTO probtags VALUES (1079,181,17);
INSERT INTO probtags VALUES (168,182,17);
INSERT INTO probtags VALUES (169,155,69);
INSERT INTO probtags VALUES (184,38,1);
INSERT INTO probtags VALUES (208,144,12);
INSERT INTO probtags VALUES (209,148,12);
INSERT INTO probtags VALUES (1106,149,12);
INSERT INTO probtags VALUES (1056,212,68);
INSERT INTO probtags VALUES (214,118,15);
INSERT INTO probtags VALUES (215,117,15);
INSERT INTO probtags VALUES (216,116,15);
INSERT INTO probtags VALUES (1108,115,15);
INSERT INTO probtags VALUES (218,114,15);
INSERT INTO probtags VALUES (219,113,15);
INSERT INTO probtags VALUES (220,119,15);
INSERT INTO probtags VALUES (221,156,69);
INSERT INTO probtags VALUES (222,157,69);
INSERT INTO probtags VALUES (452,158,80);
INSERT INTO probtags VALUES (224,159,80);
INSERT INTO probtags VALUES (225,160,80);
INSERT INTO probtags VALUES (226,161,80);
INSERT INTO probtags VALUES (227,162,80);
INSERT INTO probtags VALUES (236,183,12);
INSERT INTO probtags VALUES (238,184,12);
INSERT INTO probtags VALUES (230,185,81);
INSERT INTO probtags VALUES (231,186,81);
INSERT INTO probtags VALUES (232,187,81);
INSERT INTO probtags VALUES (233,188,81);
INSERT INTO probtags VALUES (234,189,81);
INSERT INTO probtags VALUES (235,190,81);
INSERT INTO probtags VALUES (237,183,4);
INSERT INTO probtags VALUES (239,184,4);
INSERT INTO probtags VALUES (240,183,81);
INSERT INTO probtags VALUES (241,184,81);
INSERT INTO probtags VALUES (242,185,69);
INSERT INTO probtags VALUES (243,186,69);
INSERT INTO probtags VALUES (244,188,69);
INSERT INTO probtags VALUES (245,190,2);
INSERT INTO probtags VALUES (246,185,19);
INSERT INTO probtags VALUES (247,186,18);
INSERT INTO probtags VALUES (248,187,15);
INSERT INTO probtags VALUES (249,189,12);
INSERT INTO probtags VALUES (1037,238,84);
INSERT INTO probtags VALUES (1035,238,82);
INSERT INTO probtags VALUES (1036,238,83);
INSERT INTO probtags VALUES (256,239,82);
INSERT INTO probtags VALUES (257,239,83);
INSERT INTO probtags VALUES (258,239,84);
INSERT INTO probtags VALUES (259,240,82);
INSERT INTO probtags VALUES (260,240,83);
INSERT INTO probtags VALUES (261,240,84);
INSERT INTO probtags VALUES (262,241,82);
INSERT INTO probtags VALUES (263,241,83);
INSERT INTO probtags VALUES (264,241,84);
INSERT INTO probtags VALUES (598,242,84);
INSERT INTO probtags VALUES (597,242,83);
INSERT INTO probtags VALUES (596,242,82);
INSERT INTO probtags VALUES (268,243,82);
INSERT INTO probtags VALUES (269,243,83);
INSERT INTO probtags VALUES (270,243,84);
INSERT INTO probtags VALUES (426,244,84);
INSERT INTO probtags VALUES (425,244,83);
INSERT INTO probtags VALUES (424,244,82);
INSERT INTO probtags VALUES (433,245,82);
INSERT INTO probtags VALUES (434,245,83);
INSERT INTO probtags VALUES (435,245,84);
INSERT INTO probtags VALUES (448,246,82);
INSERT INTO probtags VALUES (449,246,83);
INSERT INTO probtags VALUES (450,246,84);
INSERT INTO probtags VALUES (1177,247,83);
INSERT INTO probtags VALUES (1176,247,106);
INSERT INTO probtags VALUES (288,248,84);
INSERT INTO probtags VALUES (287,248,83);
INSERT INTO probtags VALUES (286,248,82);
INSERT INTO probtags VALUES (289,248,68);
INSERT INTO probtags VALUES (292,31,67);
INSERT INTO probtags VALUES (295,33,67);
INSERT INTO probtags VALUES (296,218,20);
INSERT INTO probtags VALUES (297,219,20);
INSERT INTO probtags VALUES (298,220,20);
INSERT INTO probtags VALUES (299,221,20);
INSERT INTO probtags VALUES (300,222,20);
INSERT INTO probtags VALUES (301,223,20);
INSERT INTO probtags VALUES (302,224,20);
INSERT INTO probtags VALUES (551,225,20);
INSERT INTO probtags VALUES (304,226,20);
INSERT INTO probtags VALUES (305,227,20);
INSERT INTO probtags VALUES (555,191,85);
INSERT INTO probtags VALUES (554,191,22);
INSERT INTO probtags VALUES (308,192,22);
INSERT INTO probtags VALUES (309,192,85);
INSERT INTO probtags VALUES (310,193,22);
INSERT INTO probtags VALUES (311,193,85);
INSERT INTO probtags VALUES (312,194,22);
INSERT INTO probtags VALUES (313,194,85);
INSERT INTO probtags VALUES (314,195,22);
INSERT INTO probtags VALUES (315,195,85);
INSERT INTO probtags VALUES (1147,196,85);
INSERT INTO probtags VALUES (1146,196,22);
INSERT INTO probtags VALUES (320,75,2);
INSERT INTO probtags VALUES (1041,76,2);
INSERT INTO probtags VALUES (322,77,2);
INSERT INTO probtags VALUES (1164,78,106);
INSERT INTO probtags VALUES (324,79,2);
INSERT INTO probtags VALUES (327,82,2);
INSERT INTO probtags VALUES (1100,146,12);
INSERT INTO probtags VALUES (332,87,2);
INSERT INTO probtags VALUES (333,88,2);
INSERT INTO probtags VALUES (526,73,93);
INSERT INTO probtags VALUES (528,74,93);
INSERT INTO probtags VALUES (530,80,93);
INSERT INTO probtags VALUES (566,81,2);
INSERT INTO probtags VALUES (534,83,93);
INSERT INTO probtags VALUES (536,84,93);
INSERT INTO probtags VALUES (538,85,93);
INSERT INTO probtags VALUES (540,86,93);
INSERT INTO probtags VALUES (342,77,11);
INSERT INTO probtags VALUES (343,87,11);
INSERT INTO probtags VALUES (344,88,11);
INSERT INTO probtags VALUES (345,228,26);
INSERT INTO probtags VALUES (1060,229,68);
INSERT INTO probtags VALUES (1136,230,26);
INSERT INTO probtags VALUES (1143,231,26);
INSERT INTO probtags VALUES (1140,232,26);
INSERT INTO probtags VALUES (1138,233,26);
INSERT INTO probtags VALUES (351,234,26);
INSERT INTO probtags VALUES (352,235,26);
INSERT INTO probtags VALUES (353,236,26);
INSERT INTO probtags VALUES (408,249,26);
INSERT INTO probtags VALUES (355,250,26);
INSERT INTO probtags VALUES (1068,251,86);
INSERT INTO probtags VALUES (996,252,38);
INSERT INTO probtags VALUES (358,253,26);
INSERT INTO probtags VALUES (1004,335,106);
INSERT INTO probtags VALUES (360,255,26);
INSERT INTO probtags VALUES (361,256,26);
INSERT INTO probtags VALUES (969,374,106);
INSERT INTO probtags VALUES (1034,258,86);
INSERT INTO probtags VALUES (364,259,26);
INSERT INTO probtags VALUES (365,260,26);
INSERT INTO probtags VALUES (366,261,26);
INSERT INTO probtags VALUES (367,262,26);
INSERT INTO probtags VALUES (621,263,86);
INSERT INTO probtags VALUES (1052,264,26);
INSERT INTO probtags VALUES (990,265,38);
INSERT INTO probtags VALUES (371,266,26);
INSERT INTO probtags VALUES (372,267,26);
INSERT INTO probtags VALUES (373,268,26);
INSERT INTO probtags VALUES (406,269,26);
INSERT INTO probtags VALUES (975,378,106);
INSERT INTO probtags VALUES (1086,271,26);
INSERT INTO probtags VALUES (377,272,26);
INSERT INTO probtags VALUES (984,273,38);
INSERT INTO probtags VALUES (379,274,26);
INSERT INTO probtags VALUES (600,276,29);
INSERT INTO probtags VALUES (1059,229,26);
INSERT INTO probtags VALUES (995,252,26);
INSERT INTO probtags VALUES (384,250,86);
INSERT INTO probtags VALUES (1067,251,26);
INSERT INTO probtags VALUES (386,255,86);
INSERT INTO probtags VALUES (387,256,86);
INSERT INTO probtags VALUES (1130,347,26);
INSERT INTO probtags VALUES (1033,258,26);
INSERT INTO probtags VALUES (390,259,86);
INSERT INTO probtags VALUES (391,260,86);
INSERT INTO probtags VALUES (392,261,86);
INSERT INTO probtags VALUES (393,262,86);
INSERT INTO probtags VALUES (620,263,26);
INSERT INTO probtags VALUES (395,267,86);
INSERT INTO probtags VALUES (972,377,106);
INSERT INTO probtags VALUES (599,276,26);
INSERT INTO probtags VALUES (398,272,38);
INSERT INTO probtags VALUES (983,273,26);
INSERT INTO probtags VALUES (400,274,38);
INSERT INTO probtags VALUES (1088,271,86);
INSERT INTO probtags VALUES (1087,271,40);
INSERT INTO probtags VALUES (407,269,86);
INSERT INTO probtags VALUES (409,249,86);
INSERT INTO probtags VALUES (410,253,38);
INSERT INTO probtags VALUES (1009,197,68);
INSERT INTO probtags VALUES (1053,264,38);
INSERT INTO probtags VALUES (989,265,26);
INSERT INTO probtags VALUES (414,266,38);
INSERT INTO probtags VALUES (415,268,38);
INSERT INTO probtags VALUES (418,37,1);
INSERT INTO probtags VALUES (594,206,93);
INSERT INTO probtags VALUES (496,205,2);
INSERT INTO probtags VALUES (498,207,2);
INSERT INTO probtags VALUES (500,208,2);
INSERT INTO probtags VALUES (502,217,2);
INSERT INTO probtags VALUES (1150,216,93);
INSERT INTO probtags VALUES (509,215,93);
INSERT INTO probtags VALUES (510,214,2);
INSERT INTO probtags VALUES (518,213,93);
INSERT INTO probtags VALUES (1057,212,93);
INSERT INTO probtags VALUES (519,211,2);
INSERT INTO probtags VALUES (521,210,2);
INSERT INTO probtags VALUES (523,209,2);
INSERT INTO probtags VALUES (525,73,2);
INSERT INTO probtags VALUES (527,74,2);
INSERT INTO probtags VALUES (529,80,2);
INSERT INTO probtags VALUES (567,81,93);
INSERT INTO probtags VALUES (533,83,2);
INSERT INTO probtags VALUES (535,84,2);
INSERT INTO probtags VALUES (537,85,2);
INSERT INTO probtags VALUES (539,86,2);
INSERT INTO probtags VALUES (629,451,47);
INSERT INTO probtags VALUES (630,451,54);
INSERT INTO probtags VALUES (631,450,47);
INSERT INTO probtags VALUES (632,450,56);
INSERT INTO probtags VALUES (633,448,47);
INSERT INTO probtags VALUES (634,448,56);
INSERT INTO probtags VALUES (635,448,55);
INSERT INTO probtags VALUES (1117,452,56);
INSERT INTO probtags VALUES (1118,452,67);
INSERT INTO probtags VALUES (1128,453,97);
INSERT INTO probtags VALUES (1127,453,47);
INSERT INTO probtags VALUES (640,456,47);
INSERT INTO probtags VALUES (641,456,56);
INSERT INTO probtags VALUES (642,455,47);
INSERT INTO probtags VALUES (643,455,52);
INSERT INTO probtags VALUES (1121,454,56);
INSERT INTO probtags VALUES (1120,454,47);
INSERT INTO probtags VALUES (1050,449,54);
INSERT INTO probtags VALUES (1049,449,47);
INSERT INTO probtags VALUES (648,237,83);
INSERT INTO probtags VALUES (1084,384,99);
INSERT INTO probtags VALUES (1083,384,98);
INSERT INTO probtags VALUES (651,385,98);
INSERT INTO probtags VALUES (652,385,99);
INSERT INTO probtags VALUES (653,386,98);
INSERT INTO probtags VALUES (654,386,99);
INSERT INTO probtags VALUES (655,387,98);
INSERT INTO probtags VALUES (656,387,99);
INSERT INTO probtags VALUES (657,382,98);
INSERT INTO probtags VALUES (658,382,99);
INSERT INTO probtags VALUES (659,383,98);
INSERT INTO probtags VALUES (660,383,99);
INSERT INTO probtags VALUES (665,376,29);
INSERT INTO probtags VALUES (664,376,26);
INSERT INTO probtags VALUES (971,377,29);
INSERT INTO probtags VALUES (970,377,26);
INSERT INTO probtags VALUES (1135,375,29);
INSERT INTO probtags VALUES (1134,375,26);
INSERT INTO probtags VALUES (968,374,29);
INSERT INTO probtags VALUES (967,374,26);
INSERT INTO probtags VALUES (672,372,26);
INSERT INTO probtags VALUES (673,372,29);
INSERT INTO probtags VALUES (674,373,26);
INSERT INTO probtags VALUES (675,373,29);
INSERT INTO probtags VALUES (676,379,26);
INSERT INTO probtags VALUES (677,379,29);
INSERT INTO probtags VALUES (974,378,29);
INSERT INTO probtags VALUES (973,378,26);
INSERT INTO probtags VALUES (680,370,26);
INSERT INTO probtags VALUES (681,370,29);
INSERT INTO probtags VALUES (769,371,29);
INSERT INTO probtags VALUES (768,371,26);
INSERT INTO probtags VALUES (763,368,29);
INSERT INTO probtags VALUES (762,368,26);
INSERT INTO probtags VALUES (767,369,29);
INSERT INTO probtags VALUES (766,369,26);
INSERT INTO probtags VALUES (688,339,26);
INSERT INTO probtags VALUES (689,339,86);
INSERT INTO probtags VALUES (759,366,26);
INSERT INTO probtags VALUES (760,366,29);
INSERT INTO probtags VALUES (757,367,29);
INSERT INTO probtags VALUES (756,367,26);
INSERT INTO probtags VALUES (1278,477,40);
INSERT INTO probtags VALUES (1277,477,26);
INSERT INTO probtags VALUES (698,334,26);
INSERT INTO probtags VALUES (699,334,100);
INSERT INTO probtags VALUES (700,332,26);
INSERT INTO probtags VALUES (701,332,19);
INSERT INTO probtags VALUES (702,330,26);
INSERT INTO probtags VALUES (703,330,29);
INSERT INTO probtags VALUES (704,330,86);
INSERT INTO probtags VALUES (708,331,38);
INSERT INTO probtags VALUES (707,331,26);
INSERT INTO probtags VALUES (1095,365,29);
INSERT INTO probtags VALUES (1094,365,26);
INSERT INTO probtags VALUES (711,337,26);
INSERT INTO probtags VALUES (712,337,29);
INSERT INTO probtags VALUES (713,337,38);
INSERT INTO probtags VALUES (1002,335,38);
INSERT INTO probtags VALUES (1003,335,107);
INSERT INTO probtags VALUES (716,336,26);
INSERT INTO probtags VALUES (717,336,29);
INSERT INTO probtags VALUES (718,336,42);
INSERT INTO probtags VALUES (1182,338,26);
INSERT INTO probtags VALUES (720,364,26);
INSERT INTO probtags VALUES (721,364,29);
INSERT INTO probtags VALUES (1131,347,86);
INSERT INTO probtags VALUES (1132,347,106);
INSERT INTO probtags VALUES (725,346,26);
INSERT INTO probtags VALUES (726,346,100);
INSERT INTO probtags VALUES (727,346,42);
INSERT INTO probtags VALUES (729,348,26);
INSERT INTO probtags VALUES (730,348,86);
INSERT INTO probtags VALUES (959,349,86);
INSERT INTO probtags VALUES (957,349,26);
INSERT INTO probtags VALUES (958,349,38);
INSERT INTO probtags VALUES (962,350,86);
INSERT INTO probtags VALUES (961,350,26);
INSERT INTO probtags VALUES (736,345,26);
INSERT INTO probtags VALUES (737,345,19);
INSERT INTO probtags VALUES (1110,344,26);
INSERT INTO probtags VALUES (1111,344,38);
INSERT INTO probtags VALUES (981,341,38);
INSERT INTO probtags VALUES (980,341,26);
INSERT INTO probtags VALUES (742,342,26);
INSERT INTO probtags VALUES (743,342,100);
INSERT INTO probtags VALUES (744,343,26);
INSERT INTO probtags VALUES (745,343,100);
INSERT INTO probtags VALUES (963,350,106);
INSERT INTO probtags VALUES (960,349,106);
INSERT INTO probtags VALUES (1091,352,86);
INSERT INTO probtags VALUES (1092,352,106);
INSERT INTO probtags VALUES (750,340,26);
INSERT INTO probtags VALUES (751,340,86);
INSERT INTO probtags VALUES (752,340,42);
INSERT INTO probtags VALUES (753,360,26);
INSERT INTO probtags VALUES (754,360,29);
INSERT INTO probtags VALUES (755,360,86);
INSERT INTO probtags VALUES (758,367,38);
INSERT INTO probtags VALUES (761,366,86);
INSERT INTO probtags VALUES (764,368,86);
INSERT INTO probtags VALUES (765,368,38);
INSERT INTO probtags VALUES (770,371,86);
INSERT INTO probtags VALUES (771,371,42);
INSERT INTO probtags VALUES (772,359,26);
INSERT INTO probtags VALUES (773,359,29);
INSERT INTO probtags VALUES (774,359,86);
INSERT INTO probtags VALUES (775,361,26);
INSERT INTO probtags VALUES (776,361,29);
INSERT INTO probtags VALUES (777,361,42);
INSERT INTO probtags VALUES (778,362,26);
INSERT INTO probtags VALUES (779,362,29);
INSERT INTO probtags VALUES (780,362,38);
INSERT INTO probtags VALUES (781,363,26);
INSERT INTO probtags VALUES (782,363,29);
INSERT INTO probtags VALUES (783,363,86);
INSERT INTO probtags VALUES (784,358,26);
INSERT INTO probtags VALUES (785,358,29);
INSERT INTO probtags VALUES (786,357,26);
INSERT INTO probtags VALUES (787,357,29);
INSERT INTO probtags VALUES (795,353,26);
INSERT INTO probtags VALUES (797,353,42);
INSERT INTO probtags VALUES (798,354,26);
INSERT INTO probtags VALUES (796,353,86);
INSERT INTO probtags VALUES (799,354,86);
INSERT INTO probtags VALUES (800,354,42);
INSERT INTO probtags VALUES (801,355,26);
INSERT INTO probtags VALUES (802,355,42);
INSERT INTO probtags VALUES (803,356,26);
INSERT INTO probtags VALUES (804,356,29);
INSERT INTO probtags VALUES (991,265,107);
INSERT INTO probtags VALUES (976,390,42);
INSERT INTO probtags VALUES (1090,352,26);
INSERT INTO probtags VALUES (977,391,42);
INSERT INTO probtags VALUES (982,341,67);
INSERT INTO probtags VALUES (979,389,42);
INSERT INTO probtags VALUES (985,273,107);
INSERT INTO probtags VALUES (978,388,42);
INSERT INTO probtags VALUES (813,411,101);
INSERT INTO probtags VALUES (814,412,101);
INSERT INTO probtags VALUES (815,409,101);
INSERT INTO probtags VALUES (816,408,101);
INSERT INTO probtags VALUES (817,413,101);
INSERT INTO probtags VALUES (818,410,101);
INSERT INTO probtags VALUES (1047,415,101);
INSERT INTO probtags VALUES (820,419,101);
INSERT INTO probtags VALUES (821,420,101);
INSERT INTO probtags VALUES (822,420,102);
INSERT INTO probtags VALUES (823,418,101);
INSERT INTO probtags VALUES (824,416,101);
INSERT INTO probtags VALUES (1045,407,101);
INSERT INTO probtags VALUES (826,414,101);
INSERT INTO probtags VALUES (827,417,101);
INSERT INTO probtags VALUES (828,400,101);
INSERT INTO probtags VALUES (829,398,101);
INSERT INTO probtags VALUES (830,406,101);
INSERT INTO probtags VALUES (831,401,101);
INSERT INTO probtags VALUES (832,399,101);
INSERT INTO probtags VALUES (833,404,101);
INSERT INTO probtags VALUES (834,405,101);
INSERT INTO probtags VALUES (835,403,101);
INSERT INTO probtags VALUES (836,402,101);
INSERT INTO probtags VALUES (837,436,47);
INSERT INTO probtags VALUES (838,436,56);
INSERT INTO probtags VALUES (839,436,55);
INSERT INTO probtags VALUES (840,435,47);
INSERT INTO probtags VALUES (841,435,56);
INSERT INTO probtags VALUES (842,435,55);
INSERT INTO probtags VALUES (1125,432,56);
INSERT INTO probtags VALUES (1123,432,47);
INSERT INTO probtags VALUES (1124,432,55);
INSERT INTO probtags VALUES (846,437,47);
INSERT INTO probtags VALUES (847,437,52);
INSERT INTO probtags VALUES (848,433,47);
INSERT INTO probtags VALUES (849,433,55);
INSERT INTO probtags VALUES (850,434,47);
INSERT INTO probtags VALUES (851,434,51);
INSERT INTO probtags VALUES (1063,442,103);
INSERT INTO probtags VALUES (1062,442,47);
INSERT INTO probtags VALUES (854,443,47);
INSERT INTO probtags VALUES (855,443,97);
INSERT INTO probtags VALUES (856,444,47);
INSERT INTO probtags VALUES (857,444,56);
INSERT INTO probtags VALUES (862,441,47);
INSERT INTO probtags VALUES (863,441,54);
INSERT INTO probtags VALUES (867,428,56);
INSERT INTO probtags VALUES (866,428,47);
INSERT INTO probtags VALUES (868,428,55);
INSERT INTO probtags VALUES (869,431,47);
INSERT INTO probtags VALUES (870,431,54);
INSERT INTO probtags VALUES (871,430,47);
INSERT INTO probtags VALUES (872,430,104);
INSERT INTO probtags VALUES (876,422,52);
INSERT INTO probtags VALUES (875,422,47);
INSERT INTO probtags VALUES (877,429,47);
INSERT INTO probtags VALUES (878,429,53);
INSERT INTO probtags VALUES (879,426,47);
INSERT INTO probtags VALUES (880,426,97);
INSERT INTO probtags VALUES (881,426,105);
INSERT INTO probtags VALUES (882,423,47);
INSERT INTO probtags VALUES (889,424,47);
INSERT INTO probtags VALUES (890,424,51);
INSERT INTO probtags VALUES (891,424,56);
INSERT INTO probtags VALUES (892,424,55);
INSERT INTO probtags VALUES (893,425,47);
INSERT INTO probtags VALUES (894,425,104);
INSERT INTO probtags VALUES (895,425,52);
INSERT INTO probtags VALUES (896,427,47);
INSERT INTO probtags VALUES (897,427,103);
INSERT INTO probtags VALUES (898,446,47);
INSERT INTO probtags VALUES (899,446,52);
INSERT INTO probtags VALUES (900,447,47);
INSERT INTO probtags VALUES (901,447,104);
INSERT INTO probtags VALUES (902,445,47);
INSERT INTO probtags VALUES (903,445,53);
INSERT INTO probtags VALUES (904,438,47);
INSERT INTO probtags VALUES (905,438,55);
INSERT INTO probtags VALUES (1073,440,52);
INSERT INTO probtags VALUES (1074,440,56);
INSERT INTO probtags VALUES (1072,440,47);
INSERT INTO probtags VALUES (911,439,47);
INSERT INTO probtags VALUES (912,439,52);
INSERT INTO probtags VALUES (913,380,26);
INSERT INTO probtags VALUES (914,380,29);
INSERT INTO probtags VALUES (915,381,26);
INSERT INTO probtags VALUES (916,381,29);
INSERT INTO probtags VALUES (917,421,47);
INSERT INTO probtags VALUES (918,421,104);
INSERT INTO probtags VALUES (919,393,45);
INSERT INTO probtags VALUES (920,393,99);
INSERT INTO probtags VALUES (921,395,45);
INSERT INTO probtags VALUES (922,395,99);
INSERT INTO probtags VALUES (923,396,45);
INSERT INTO probtags VALUES (924,396,99);
INSERT INTO probtags VALUES (925,392,45);
INSERT INTO probtags VALUES (926,392,99);
INSERT INTO probtags VALUES (927,394,45);
INSERT INTO probtags VALUES (928,394,99);
INSERT INTO probtags VALUES (929,397,45);
INSERT INTO probtags VALUES (930,397,99);
INSERT INTO probtags VALUES (931,465,81);
INSERT INTO probtags VALUES (932,465,47);
INSERT INTO probtags VALUES (933,466,81);
INSERT INTO probtags VALUES (934,466,47);
INSERT INTO probtags VALUES (935,468,81);
INSERT INTO probtags VALUES (936,468,47);
INSERT INTO probtags VALUES (937,464,81);
INSERT INTO probtags VALUES (938,464,47);
INSERT INTO probtags VALUES (939,469,81);
INSERT INTO probtags VALUES (940,469,47);
INSERT INTO probtags VALUES (941,467,81);
INSERT INTO probtags VALUES (942,467,47);
INSERT INTO probtags VALUES (943,460,81);
INSERT INTO probtags VALUES (944,460,101);
INSERT INTO probtags VALUES (945,458,81);
INSERT INTO probtags VALUES (946,458,47);
INSERT INTO probtags VALUES (947,457,81);
INSERT INTO probtags VALUES (948,457,47);
INSERT INTO probtags VALUES (949,459,81);
INSERT INTO probtags VALUES (950,459,47);
INSERT INTO probtags VALUES (951,461,81);
INSERT INTO probtags VALUES (952,461,47);
INSERT INTO probtags VALUES (1043,462,47);
INSERT INTO probtags VALUES (1044,462,81);
INSERT INTO probtags VALUES (955,463,81);
INSERT INTO probtags VALUES (956,463,101);
INSERT INTO probtags VALUES (1001,335,26);
INSERT INTO probtags VALUES (997,252,67);
INSERT INTO probtags VALUES (1017,105,106);
INSERT INTO probtags VALUES (1020,104,106);
INSERT INTO probtags VALUES (1023,103,106);
INSERT INTO probtags VALUES (1025,89,109);
INSERT INTO probtags VALUES (1029,95,109);
INSERT INTO probtags VALUES (1032,90,106);
INSERT INTO probtags VALUES (1038,238,109);
INSERT INTO probtags VALUES (1040,143,109);
INSERT INTO probtags VALUES (1042,76,110);
INSERT INTO probtags VALUES (1046,407,111);
INSERT INTO probtags VALUES (1048,415,111);
INSERT INTO probtags VALUES (1051,449,106);
INSERT INTO probtags VALUES (1054,264,106);
INSERT INTO probtags VALUES (1058,212,106);
INSERT INTO probtags VALUES (1061,229,106);
INSERT INTO probtags VALUES (1064,442,106);
INSERT INTO probtags VALUES (1066,145,112);
INSERT INTO probtags VALUES (1069,251,106);
INSERT INTO probtags VALUES (1163,78,2);
INSERT INTO probtags VALUES (1075,440,106);
INSERT INTO probtags VALUES (1076,440,67);
INSERT INTO probtags VALUES (1181,36,106);
INSERT INTO probtags VALUES (1080,181,106);
INSERT INTO probtags VALUES (1082,167,113);
INSERT INTO probtags VALUES (1085,384,106);
INSERT INTO probtags VALUES (1089,271,106);
INSERT INTO probtags VALUES (1093,352,38);
INSERT INTO probtags VALUES (1096,365,40);
INSERT INTO probtags VALUES (1184,338,106);
INSERT INTO probtags VALUES (1185,338,114);
INSERT INTO probtags VALUES (1101,146,112);
INSERT INTO probtags VALUES (1107,149,112);
INSERT INTO probtags VALUES (1109,115,115);
INSERT INTO probtags VALUES (1112,344,106);
INSERT INTO probtags VALUES (1116,452,47);
INSERT INTO probtags VALUES (1119,452,116);
INSERT INTO probtags VALUES (1122,454,116);
INSERT INTO probtags VALUES (1126,432,111);
INSERT INTO probtags VALUES (1129,453,67);
INSERT INTO probtags VALUES (1133,347,40);
INSERT INTO probtags VALUES (1137,230,106);
INSERT INTO probtags VALUES (1139,233,42);
INSERT INTO probtags VALUES (1141,232,106);
INSERT INTO probtags VALUES (1142,470,1);
INSERT INTO probtags VALUES (1144,231,106);
INSERT INTO probtags VALUES (1145,231,117);
INSERT INTO probtags VALUES (1148,196,106);
INSERT INTO probtags VALUES (1151,216,117);
INSERT INTO probtags VALUES (1183,338,40);
INSERT INTO probtags VALUES (1166,78,67);
INSERT INTO probtags VALUES (1165,78,117);
INSERT INTO probtags VALUES (1167,78,116);
INSERT INTO probtags VALUES (1175,247,117);
INSERT INTO probtags VALUES (1201,33,116);
INSERT INTO probtags VALUES (1199,43,67);
INSERT INTO probtags VALUES (1200,43,116);
INSERT INTO probtags VALUES (1198,42,67);
INSERT INTO probtags VALUES (1197,41,106);
INSERT INTO probtags VALUES (1202,34,116);
INSERT INTO probtags VALUES (1203,35,116);
INSERT INTO probtags VALUES (1204,35,106);
INSERT INTO probtags VALUES (1205,332,106);
INSERT INTO probtags VALUES (1206,345,106);
INSERT INTO probtags VALUES (1207,385,117);
INSERT INTO probtags VALUES (1208,384,117);
INSERT INTO probtags VALUES (1209,397,116);
INSERT INTO probtags VALUES (1210,146,106);
INSERT INTO probtags VALUES (1211,448,117);
INSERT INTO probtags VALUES (1212,451,116);
INSERT INTO probtags VALUES (1213,455,116);
INSERT INTO probtags VALUES (1214,423,106);
INSERT INTO probtags VALUES (1215,423,67);
INSERT INTO probtags VALUES (1216,424,117);
INSERT INTO probtags VALUES (1217,425,117);
INSERT INTO probtags VALUES (1218,425,106);
INSERT INTO probtags VALUES (1219,426,116);
INSERT INTO probtags VALUES (1220,429,106);
INSERT INTO probtags VALUES (1221,433,111);
INSERT INTO probtags VALUES (1222,434,116);
INSERT INTO probtags VALUES (1223,436,117);
INSERT INTO probtags VALUES (1224,437,116);
INSERT INTO probtags VALUES (1225,438,117);
INSERT INTO probtags VALUES (1226,438,111);
INSERT INTO probtags VALUES (1227,439,117);
INSERT INTO probtags VALUES (1228,440,117);
INSERT INTO probtags VALUES (1229,441,106);
INSERT INTO probtags VALUES (1230,443,106);
INSERT INTO probtags VALUES (1231,462,115);
INSERT INTO probtags VALUES (1232,192,117);
INSERT INTO probtags VALUES (1233,195,116);
INSERT INTO probtags VALUES (1234,92,117);
INSERT INTO probtags VALUES (1235,93,117);
INSERT INTO probtags VALUES (1236,96,116);
INSERT INTO probtags VALUES (1237,96,106);
INSERT INTO probtags VALUES (1238,97,106);
INSERT INTO probtags VALUES (1239,98,106);
INSERT INTO probtags VALUES (1240,98,117);
INSERT INTO probtags VALUES (1241,99,106);
INSERT INTO probtags VALUES (1242,100,106);
INSERT INTO probtags VALUES (1243,101,117);
INSERT INTO probtags VALUES (1244,105,116);
INSERT INTO probtags VALUES (1245,105,117);
INSERT INTO probtags VALUES (1246,197,106);
INSERT INTO probtags VALUES (1247,199,116);
INSERT INTO probtags VALUES (1248,202,116);
INSERT INTO probtags VALUES (1252,219,132);
INSERT INTO probtags VALUES (1253,220,132);
INSERT INTO probtags VALUES (1254,221,133);
INSERT INTO probtags VALUES (1255,222,132);
INSERT INTO probtags VALUES (1256,223,134);
INSERT INTO probtags VALUES (1257,223,135);
INSERT INTO probtags VALUES (1258,225,136);
INSERT INTO probtags VALUES (1259,226,133);
INSERT INTO probtags VALUES (1260,227,137);
INSERT INTO probtags VALUES (1261,227,138);
INSERT INTO probtags VALUES (1262,226,139);
INSERT INTO probtags VALUES (1263,224,140);
INSERT INTO probtags VALUES (1264,223,45);
INSERT INTO probtags VALUES (1265,222,139);
INSERT INTO probtags VALUES (1266,221,139);
INSERT INTO probtags VALUES (1267,220,141);
INSERT INTO probtags VALUES (1268,219,139);
INSERT INTO probtags VALUES (1269,227,142);
INSERT INTO probtags VALUES (1279,477,106);
INSERT INTO probtags VALUES (1280,477,148);
INSERT INTO probtags VALUES (1281,478,26);
INSERT INTO probtags VALUES (1282,478,40);
INSERT INTO probtags VALUES (1283,478,106);
INSERT INTO probtags VALUES (1284,367,116);
INSERT INTO probtags VALUES (1285,365,106);
INSERT INTO probtags VALUES (1286,274,42);
INSERT INTO probtags VALUES (1287,274,116);
INSERT INTO probtags VALUES (1288,272,106);
INSERT INTO probtags VALUES (1289,268,106);
INSERT INTO probtags VALUES (1290,268,116);
INSERT INTO probtags VALUES (1291,266,116);
INSERT INTO probtags VALUES (1292,266,42);
INSERT INTO probtags VALUES (1293,479,26);
INSERT INTO probtags VALUES (1294,479,38);
INSERT INTO probtags VALUES (1295,479,117);
INSERT INTO probtags VALUES (1296,483,26);
INSERT INTO probtags VALUES (1297,483,100);
INSERT INTO probtags VALUES (1298,480,26);
INSERT INTO probtags VALUES (1299,480,40);
INSERT INTO probtags VALUES (1300,481,26);
INSERT INTO probtags VALUES (1301,481,40);
INSERT INTO probtags VALUES (1302,481,38);
INSERT INTO probtags VALUES (1303,481,107);
INSERT INTO probtags VALUES (1304,482,26);
INSERT INTO probtags VALUES (1305,482,86);
INSERT INTO probtags VALUES (1306,482,38);
INSERT INTO probtags VALUES (1307,482,107);
INSERT INTO probtags VALUES (1308,495,26);
INSERT INTO probtags VALUES (1309,495,42);
INSERT INTO probtags VALUES (1310,484,26);
INSERT INTO probtags VALUES (1311,484,40);
INSERT INTO probtags VALUES (1312,484,106);
INSERT INTO probtags VALUES (1313,484,86);
INSERT INTO probtags VALUES (1314,484,42);
INSERT INTO probtags VALUES (1315,485,26);
INSERT INTO probtags VALUES (1316,485,40);
INSERT INTO probtags VALUES (1317,486,26);
INSERT INTO probtags VALUES (1318,486,86);
INSERT INTO probtags VALUES (1319,487,26);
INSERT INTO probtags VALUES (1320,487,86);
INSERT INTO probtags VALUES (1321,487,38);
INSERT INTO probtags VALUES (1322,488,26);
INSERT INTO probtags VALUES (1323,488,38);
INSERT INTO probtags VALUES (1324,489,26);
INSERT INTO probtags VALUES (1325,489,100);
INSERT INTO probtags VALUES (1326,490,26);
INSERT INTO probtags VALUES (1327,490,40);
INSERT INTO probtags VALUES (1328,490,86);
INSERT INTO probtags VALUES (1329,490,38);
INSERT INTO probtags VALUES (1330,491,26);
INSERT INTO probtags VALUES (1331,491,86);
INSERT INTO probtags VALUES (1332,491,42);
INSERT INTO probtags VALUES (1333,492,26);
INSERT INTO probtags VALUES (1334,492,86);
INSERT INTO probtags VALUES (1335,492,42);
INSERT INTO probtags VALUES (1336,493,26);
INSERT INTO probtags VALUES (1337,493,86);
INSERT INTO probtags VALUES (1338,493,42);
INSERT INTO probtags VALUES (1339,494,26);
INSERT INTO probtags VALUES (1340,494,86);
INSERT INTO probtags VALUES (1341,494,40);
INSERT INTO probtags VALUES (1342,494,38);
INSERT INTO probtags VALUES (1343,496,142);
INSERT INTO probtags VALUES (1344,497,142);
INSERT INTO probtags VALUES (1345,498,142);
INSERT INTO probtags VALUES (1346,499,142);
INSERT INTO probtags VALUES (1347,498,106);
INSERT INTO probtags VALUES (1348,498,67);
INSERT INTO probtags VALUES (1349,496,106);
INSERT INTO probtags VALUES (1350,499,106);
INSERT INTO probtags VALUES (1351,500,142);
INSERT INTO probtags VALUES (1352,500,106);
INSERT INTO probtags VALUES (1353,501,42);
INSERT INTO probtags VALUES (1354,501,149);
INSERT INTO probtags VALUES (1355,501,26);
INSERT INTO probtags VALUES (1356,268,107);
INSERT INTO probtags VALUES (1357,352,40);

--
-- Table structure for table 'tags'
--

CREATE TABLE tags (
  uid int(11) NOT NULL auto_increment,
  tag varchar(30) collate utf8_bin NOT NULL,
  PRIMARY KEY  (uid),
  UNIQUE KEY tag (tag)
) ENGINE=MyISAM AUTO_INCREMENT=150 DEFAULT CHARSET=utf8 COLLATE=utf8_bin;

--
-- Dumping data for table 'tags'
--


INSERT INTO tags VALUES (1,'domain');
INSERT INTO tags VALUES (2,'limit');
INSERT INTO tags VALUES (3,'composite domain');
INSERT INTO tags VALUES (4,'derivative');
INSERT INTO tags VALUES (5,'product rule');
INSERT INTO tags VALUES (6,'quotient rule');
INSERT INTO tags VALUES (7,'chain rule');
INSERT INTO tags VALUES (8,'implicit differentiation');
INSERT INTO tags VALUES (9,'logarithmic differentiation');
INSERT INTO tags VALUES (11,'squeeze theorem');
INSERT INTO tags VALUES (12,'continuity');
INSERT INTO tags VALUES (15,'delta epsilon');
INSERT INTO tags VALUES (17,'related rates');
INSERT INTO tags VALUES (18,'even');
INSERT INTO tags VALUES (19,'odd');
INSERT INTO tags VALUES (20,'optimization');
INSERT INTO tags VALUES (22,'linear approximation');
INSERT INTO tags VALUES (26,'integral');
INSERT INTO tags VALUES (29,'improper integral');
INSERT INTO tags VALUES (38,'integration by parts');
INSERT INTO tags VALUES (40,'trig integral');
INSERT INTO tags VALUES (42,'partial fractions');
INSERT INTO tags VALUES (45,'surface area');
INSERT INTO tags VALUES (47,'series');
INSERT INTO tags VALUES (51,'integral test');
INSERT INTO tags VALUES (52,'comparison test');
INSERT INTO tags VALUES (53,'limit comparison test');
INSERT INTO tags VALUES (54,'alternating series test');
INSERT INTO tags VALUES (55,'ratio test');
INSERT INTO tags VALUES (56,'root test');
INSERT INTO tags VALUES (67,'inverse trig');
INSERT INTO tags VALUES (68,'hyperbolic trig');
INSERT INTO tags VALUES (69,'inverse');
INSERT INTO tags VALUES (80,'ivt');
INSERT INTO tags VALUES (81,'true false');
INSERT INTO tags VALUES (82,'extrema');
INSERT INTO tags VALUES (83,'absolute');
INSERT INTO tags VALUES (84,'max min');
INSERT INTO tags VALUES (85,'differentials');
INSERT INTO tags VALUES (86,'u sub');
INSERT INTO tags VALUES (136,'line');
INSERT INTO tags VALUES (135,'cone');
INSERT INTO tags VALUES (93,'lhopital');
INSERT INTO tags VALUES (134,'cylinder');
INSERT INTO tags VALUES (133,'triangle');
INSERT INTO tags VALUES (97,'divergence test');
INSERT INTO tags VALUES (98,'arclength');
INSERT INTO tags VALUES (99,'cartesian');
INSERT INTO tags VALUES (100,'trig sub');
INSERT INTO tags VALUES (101,'sequences');
INSERT INTO tags VALUES (102,'continued fractions');
INSERT INTO tags VALUES (103,'p test');
INSERT INTO tags VALUES (104,'geometric series test');
INSERT INTO tags VALUES (105,'telescoping series');
INSERT INTO tags VALUES (106,'trig');
INSERT INTO tags VALUES (107,'wraparound');
INSERT INTO tags VALUES (132,'rectangle');
INSERT INTO tags VALUES (109,'polynomial');
INSERT INTO tags VALUES (110,'vertical asymptote');
INSERT INTO tags VALUES (111,'factorial');
INSERT INTO tags VALUES (112,'piecewise');
INSERT INTO tags VALUES (113,'pythagorean');
INSERT INTO tags VALUES (114,'double angle');
INSERT INTO tags VALUES (115,'absolute value');
INSERT INTO tags VALUES (116,'log');
INSERT INTO tags VALUES (117,'exp');
INSERT INTO tags VALUES (137,'box');
INSERT INTO tags VALUES (138,'bolume');
INSERT INTO tags VALUES (139,'area');
INSERT INTO tags VALUES (140,'slope');
INSERT INTO tags VALUES (141,'cost');
INSERT INTO tags VALUES (142,'volume');
INSERT INTO tags VALUES (148,'half angle');
INSERT INTO tags VALUES (149,'long division');

--
-- Table structure for table 'user_data'
--

CREATE TABLE user_data (
  uid int(10) NOT NULL auto_increment,
  username text collate utf8_bin NOT NULL,
  `password` text collate utf8_bin NOT NULL COMMENT 'an md5 hash',
  PRIMARY KEY  (uid),
  UNIQUE KEY uid (uid)
) ENGINE=MyISAM AUTO_INCREMENT=6 DEFAULT CHARSET=utf8 COLLATE=utf8_bin;

--
-- Dumping data for table 'user_data'
--


INSERT INTO user_data VALUES (1,'tre8a','1f3870be274f6c49b3e31a0c6728957f');
INSERT INTO user_data VALUES (2,'svd5d','e6078b9b1aac915d11b9fd59791030bf');
INSERT INTO user_data VALUES (3,'dmd8a','3a23bb515e06d0e944ff916e79a7775c');
INSERT INTO user_data VALUES (4,'klm4tu','f1d9015d52f69024dfc126429a8e4710');
INSERT INTO user_data VALUES (5,'jcj5h','4e252dc21457dac897dfba0b9b7c45c6');

