-- phpMyAdmin SQL Dump
-- version 3.3.8
-- http://www.phpmyadmin.net
--
-- Host: localhost
-- Generation Time: Jan 18, 2011 at 03:57 PM
-- Server version: 5.0.51
-- PHP Version: 5.2.6

SET SQL_MODE="NO_AUTO_VALUE_ON_ZERO";


/*!40101 SET @OLD_CHARACTER_SET_CLIENT=@@CHARACTER_SET_CLIENT */;
/*!40101 SET @OLD_CHARACTER_SET_RESULTS=@@CHARACTER_SET_RESULTS */;
/*!40101 SET @OLD_COLLATION_CONNECTION=@@COLLATION_CONNECTION */;
/*!40101 SET NAMES utf8 */;

--
-- Database: `prob_db`
--
CREATE DATABASE `prob_db` DEFAULT CHARACTER SET utf8 COLLATE utf8_bin;
USE `prob_db`;

-- --------------------------------------------------------

--
-- Table structure for table `directions`
--

CREATE TABLE IF NOT EXISTS `directions` (
  `uid` int(11) NOT NULL auto_increment,
  `type` varchar(30) collate utf8_bin NOT NULL,
  `directions` longtext collate utf8_bin NOT NULL,
  `boolean` tinyint(1) NOT NULL COMMENT 'Used to determine if the problem needs functions added.',
  PRIMARY KEY  (`uid`)
) ENGINE=MyISAM  DEFAULT CHARSET=utf8 COLLATE=utf8_bin AUTO_INCREMENT=26 ;

--
-- Dumping data for table `directions`
--

INSERT INTO `directions` (`uid`, `type`, `directions`, `boolean`) VALUES
(1, 'domain', 0x46696e642074686520646f6d61696e206f66207468652066756e6374696f6e2e, 1),
(2, 'compdomain', 0x46696e642074686520646f6d61696e206f662074686520636f6d706f736974652066756e6374696f6e2e, 0),
(3, 'limit', 0x4576616c7561746520746865206c696d69742c206966206974206578697374732e20496620697420646f6573206e6f742065786973742c206578706c61696e207768792e, 0),
(4, 'find y''', 0x46696e642079272e, 0),
(5, 'delta epsilon limit', 0x5573652074686520245c64656c74612c205c657073696c6f6e2420646566696e6974696f6e20746f206576616c7561746520746865206c696d69742e, 0),
(6, 'limitDerivative', 0x55736520746865206c696d697420646566696e6974696f6e206f6620746865206465726976617469766520746f2066696e64207468652064657269766174697665206f66207468652066756e6374696f6e2e, 1),
(7, 'continuous', 0x46696e642076616c756573206f66202461242028616e6420736f6d6574696d65732024622420616e642024632429207768696368206d616b65207468652066756e6374696f6e20636f6e74696e756f75732e, 0),
(8, 'inverse', 0x46696e642074686520696e7665727365206f66207468652066756e6374696f6e2e, 1),
(9, 'IVT', 0x53686f772074686174207468652065787072657373696f6e20686173206120736f6c7574696f6e2e, 0),
(10, 'related rates', '', 0),
(15, 'absolute extrema', 0x46696e6420746865206162736f6c757465206d6178696d6120616e64206d696e696d61206f66207468652066756e6374696f6e206f7665722074686520676976656e20696e74657276616c2e, 1),
(11, 'true false', 0x54727565206f722066616c73652e20496620747275652c206578706c61696e207768793b2069662066616c73652c2066696e64206120636f756e746572206578616d706c652e, 0),
(12, 'lin approx', 0x55736520616e20617070726f707269617465206c696e65617220617070726f78696d6174696f6e20746f20617070726f78696d617465207468652076616c75652e, 0),
(13, 'integral', 0x436f6d707574652074686520696e74656772616c2e, 0),
(14, 'optimization', '', 0),
(16, 'testing', 0x7468697320697320612074657374696e672070726f626c656d2e, 0),
(17, 'absolute conditional conv', 0x44657465726d696e652077686574686572207468652073657269657320636f6e76657267657320636f6e646974696f6e616c6c792c20636f6e766572676573206162736f6c7574656c792c206f722064697665726765732e, 0),
(18, 'improper integral', 0x44657465726d696e6520776865746865722074686520696e74656772616c20697320636f6e76657267656e74206f7220646976657267656e742e, 0),
(19, 'solo', '', 0),
(20, 'partial fraction decomp', 0x57726974652074686520666f726d206f6620746865207061727469616c206672616374696f6e206465636f6d706f736974696f6e2e20446f206e6f7420736f6c766520666f722074686520636f656666696369656e74732e, 0),
(21, 'arclength', 0x46696e642074686520617263206c656e677468206f6620746865206375727665206f7665722074686520676976656e20696e74657276616c2e, 0),
(22, 'surface area', 0x46696e64207468652061726561206f66207468652073757266616365206f627461696e656420627920726f746174696e67207468652063757276652061626f7574207468652073706563696669656420617869732e, 0),
(23, 'series-con-div', 0x44657465726d696e652077686574686572207468652073657269657320636f6e766572676573206f722064697665726765732e20496620706f737369626c652c2066696e64207468652076616c7565206f6620746865207365726965732e, 0),
(24, 'sequence-conv-div', 0x44657465726d696e652077686574686572207468652073657175656e636520636f6e7665726765732e20496620697420636f6e7665726765732c2066696e6420746865206c696d69742e, 0),
(25, 'y oooo', 0x6173646661736466, 0);

-- --------------------------------------------------------

--
-- Table structure for table `problems`
--

CREATE TABLE IF NOT EXISTS `problems` (
  `uid` int(11) NOT NULL auto_increment,
  `prob` text collate utf8_bin NOT NULL,
  `answer` text collate utf8_bin NOT NULL,
  `type` varchar(30) collate utf8_bin NOT NULL COMMENT 'for multi-part problems',
  `comment` longtext collate utf8_bin NOT NULL,
  PRIMARY KEY  (`uid`),
  FULLTEXT KEY `comment` (`comment`)
) ENGINE=MyISAM  DEFAULT CHARSET=utf8 COLLATE=utf8_bin AUTO_INCREMENT=470 ;

--
-- Dumping data for table `problems`
--

INSERT INTO `problems` (`uid`, `prob`, `answer`, `type`, `comment`) VALUES
(1, 0x245b5b665d5d3d3134785e332d3624, 0x24282d5c696e6674792c5c696e6674792924, 'domain', 0x4561737920646f6d61696e2070726f626c656d2e),
(42, 0x24665c636972632067287829242c2077686572652024662878293d205c667261637b317d7b5c737172747b782d5c70692f327d7d242c2024672878293d5c636f735e7b2d317d28782924, 0x245b2d312c302924, 'compdomain', 0x436f6d706f7369746520646f6d61696e2e),
(40, 0x24665c636972632067287829242c2077686572652024662878293d312f785e32242c2024672878293d5c737172747b787d24, 0x2428302c5c696e6674792924, 'compdomain', 0x436f6d706f7369746520646f6d61696e2e),
(41, 0x24665c636972632067287829242c2077686572652024662878293d5c74616e5e7b2d317d287829242c2024672878293d5c736563207824, 0x24785c6e65715c667261637b5c70697d7b327d2b5c7069206e242c20246e5c696e5c6d61746862627b5a7d24, 'compdomain', 0x436f6d706f7369746520646f6d61696e2e),
(39, 0x24665c636972632067287829242c2077686572652024662878293d5c737172747b782d317d242c2024672878293d5c636f73207824, 0x24783d325c7069206e242c20246e5c696e5c6d61746862627b5a7d24, 'compdomain', 0x436f6d706f7369746520646f6d61696e2e),
(38, 0x245b5b665d5d203d205c667261637b28785e322d31297d7b28785e322d312928785e322d33297d24, 0x24785c6e65715c706d31242c2024785c6e65715c706d5c737172747b337d24, 'domain', 0x4672616374696f6e20646f6d61696e2e),
(37, 0x245b5b665d5d3d5c667261637b5c74616e20787d7b785e342d317d24, 0x24785c6e65715c706d31242c2024785c6e65715c667261637b5c70697d7b327d2b5c7069206e242c20246e5c696e5c6d61746862627b5a7d24, 'domain', 0x54726967206672616374696f6e20646f6d61696e2e),
(36, 0x245b5b665d5d3d5c667261637b5c73696e20787d7b5c737172747b28782d31295e337d7d24, 0x2428312c5c696e6674792924, 'domain', 0x526f6f7420646f6d61696e2e),
(35, 0x245b5b665d5d3d5c6c6e20285c636f7320782924, 0x245c7b785c696e5c6d61746862627b527d3a326e5c70695c6c657120785c6c657128326e2b31295c70692c206e5c696e5c6d61746862627b5a7d5c7d24, 'domain', 0x4c6f6720646f6d61696e2e),
(33, 0x245b5b665d5d3d5c646973706c61797374796c65205c667261637b5c73696e5e7b2d317d28785e32297d7b5c6c6e285c737172747b655e787d297d24, 0x245b2d312c30295c63757028302c315d24, 'domain', 0x496e76657273652074726967206c6f6720726f6f7420646f6d61696e2e),
(34, 0x245b5b665d5d3d5c6c6e20285c6c6e20285c6c6e207829292924, 0x2428652c5c696e6674792924, 'domain', 0x4c6f6720646f6d61696e2e),
(31, 0x245b5b665d5d3d5c73696e5e7b2d317d28782d342924, 0x245b332c355d24, 'domain', 0x496e7665727365207472696720646f6d61696e2e),
(32, 0x245b5b665d5d3d5c66726163207b5c6c6e20787d7b5c737172747b785e322d31347d7d24, 0x24285c737172747b31347d2c5c696e667479292420, 'domain', 0x4c6f6720726f6f7420646f6d61696e2e),
(30, 0x245b5b665d5d3d28782d32295e7b2d312f337d24, 0x24282d5c696e6674792c32295c6375702028322c5c696e6674792924, 'domain', 0x526f6f7420646f6d61696e2e),
(43, 0x24665c6369726320675c636972632068287829242c2077686572652024662878293d5c6c6e2078242c2024672878293d5c73696e5e7b2d317d287829242c2024682878293d312f7824, 0x245b312c5c696e6674792924, 'compdomain', 0x436f6d706f7369746520646f6d61696e2e),
(72, 0x245c646973706c61797374796c65205c6c696d5f7b785c746f20327d2028785e342d37785e332b322924, 0x2d3338, 'limit', 0x45617379206c696d69742e),
(73, 0x245c646973706c61797374796c65205c6c696d5f7b785c746f205c696e6674797d205c667261637b785e342d785e7b31327d2b38782d377d7b35785e5c70697d24, 0x242d5c696e66747924, 'limit', 0x436f6d7061726520706f77657273206c696d69742e),
(74, 0x245c646973706c61797374796c65205c6c696d5f7b785c746f202d5c696e6674797d205c667261637b34785e322d5c70695e377d7b65785e337d24, 0x30, 'limit', 0x436f6d7061726520706f77657273206c696d69742e),
(75, 0x245c646973706c61797374796c65205c6c696d5f7b785c746f20377d205c667261637b785e322d34397d7b7c782d377c7d24, 0x444e45, 'limit', 0x4162736f6c7574652076616c7565206c696d69742e),
(76, 0x245c646973706c61797374796c65205c6c696d5f7b785c746f20307d205c6672616320317b312d5c636f7320787d24, 0x245c696e66747924, 'limit', 0x496e66696e697465206c696d69742e),
(77, 0x245c646973706c61797374796c65205c6c696d5f7b785c746f205c696e6674797d205c66726163207b5c74616e5e7b2d317d20787d207824, 0x30, 'limit', 0x53717565657a65207468656f72656d206c696d69742e),
(78, 0x245c646973706c61797374796c65205c6c696d5f7b785c746f20347d205c667261637b5c6c6e2078202d5c636f73285c74616e2028325e7829297d7b5c73696e5e7b2d317d28782f38297d24, 0x245c646973706c61797374796c655c667261637b5c6c6e342d5c636f73285c74616e28313629297d7b5c70692f367d24, 'limit', 0x436f6e74696e756f75732066756e6374696f6e206c696d69742e),
(79, 0x245c646973706c61797374796c65205c6c696d5f7b785c746f20305e2b7d205c737172747b5c63736320787d24, 0x245c696e66747924, 'limit', 0x496e66696e697465206c696d69742e),
(80, 0x245c646973706c61797374796c65205c6c696d5f7b785c746f2038317d205c667261637b38312d787d7b5c737172747b787d2d397d24, 0x2d3138, 'limit', 0x436f6d7061726520706f77657273206c696d69742e),
(81, 0x245c646973706c61797374796c65205c6c696d5f7b785c746f202d5c696e6674797d205c667261637b32782d5c706920785e33202b397d7b785e322d65785e337d24, 0x245c70692f6524, 'limit', 0x436f6d7061726520706f77657273206c696d69742e),
(82, 0x245c646973706c61797374796c65205c6c696d5f7b785c746f202d315e2d7d205c667261637b7c782b317c7d7b785e322d317d24, 0x24312f3224, 'limit', 0x4162736f6c7574652076616c75652063616e63656c20696e64657465726d696e61746520666f726d206c696d69742e),
(83, 0x245c646973706c61797374796c65205c6c696d5f7b785c746f205c696e6674797d205c737172747b35785e322b33782d327d2d327824, 0x245c696e66747924, 'limit', 0x4d756c7469706c7920627920636f6e6a756761746520696e74657465726d696e61746520666f726d206c696d69742e),
(84, 0x245c646973706c61797374796c65205c6c696d5f7b785c746f20317d205c667261637b785e342d317d7b785e362d317d24, 0x322f33, 'limit', 0x466163746f7220616e642063616e63656c20696e64657465726d696e61746520666f726d206c696d69742e),
(85, 0x245c646973706c61797374796c65205c6c696d5f7b785c746f20377d205c667261637b5c737172747b782b327d202d20337d7b782d377d24, 0x312f36, 'limit', 0x4d756c7469706c7920627920636f6e6a756761746520696e64657465726d696e61746520666f726d206c696d69742e),
(86, 0x245c646973706c61797374796c65205c6c696d5f7b785c746f20307d205c6c65667428205c6672616320312078202d205c667261632031207b785e322b787d5c72696768742924, 0x31, 'limit', 0x466163746f7220616e642063616e63656c20696e64657465726d696e61746520666f726d206c696d69742e),
(87, 0x245c646973706c61797374796c65205c6c696d5f7b785c746f20307d205c667261637b5c73696e28312f78297d7b312f787d24, 0x30, 'limit', 0x53717565657a65207468656f72656d206c696d69742e),
(88, 0x245c646973706c61797374796c65205c6c696d5f7b785c746f20377d205c6c6566745b28785e322d3439295c74616e5e7b2d317d5c6c656674285c667261637b317d7b782d377d5c7269676874295c72696768745d24, 0x30, 'limit', 0x53717565657a65207468656f72656d206c696d69742e),
(89, 0x24793d785e342d38785e322b5c70695e3424, 0x242d313620782b3420785e3324, 'find y''', 0x506f7765722072756c6520646572697661746976652e),
(90, 0x24793d785e5c7069205c73696e207824, 0x24785e7b5c7069207d205c636f732878292b5c70692020785e7b2d312b5c7069207d205c73696e28782924, 'find y''', 0x50726f647563742072756c65207472696720646572697661746976652e),
(91, 0x24793d5c646973706c61797374796c655c667261637b785e342d38782b377d7b785e327d24, 0x245c646973706c61797374796c655c667261637b2d382b3420785e337d7b785e327d2d5c646973706c61797374796c655c667261637b32205c6c65667428372d3820782b785e345c7269676874297d7b785e337d24, 'find y''', 0x51756f7469656e742072756c652070726f647563742072756c6520646572697661746976652e),
(92, 0x24793d655e7b31377d2d5c73696e5e7b2d317d285c7371727420782924, 0x242d5c646973706c61797374796c655c667261637b317d7b32205c737172747b312d787d205c737172747b787d7d24, 'find y''', 0x436861696e2072756c6520696e7665727365207472696720646572697661746976652e),
(93, 0x24793d325e7b325e7b325e787d7d24, 0x24325e7b325e7b325e787d2b325e782b787d205c6c6e2832295e3324, 'find y''', 0x436861696e2072756c6520646572697661746976652e),
(94, 0x24793d785e7b785e787d24, 0x24785e7b785e787d205c6c65667428785e7b2d312b787d2b785e78205c6c6e2878292028312b5c6c6e287829295c72696768742924, 'find y''', 0x4c6f6761726974686d696320646966666572656e74696174696f6e20646572697661746976652e),
(95, 0x24793d28785e342b313878295e7b31387d28312d785e33295e7b34307d24, 0x243138205c6c65667428312d785e335c7269676874295e7b34307d205c6c6566742831382b3420785e335c726967687429205c6c65667428313820782b785e345c7269676874295e7b31377d2d31323020785e32205c6c65667428312d785e335c7269676874295e7b33397d205c6c65667428313820782b785e345c7269676874295e7b31387d24, 'find y''', 0x4c6f6761726974686d696320646966666572656e74696174696f6e2071756f7469656e742072756c6520646572697661746976652e),
(96, 0x24793d5c737172747b785c6c6f675f3428785e5c70692b5c74616e2078297d24, 0x245c646973706c61797374796c655c667261637b5c6c6e5c6c65667428785e7b5c7069207d2b5c74616e2878295c7269676874292b5c667261637b78205c6c656674285c70692020785e7b2d312b5c7069207d2b5c7365632878295e325c7269676874297d7b785e7b5c7069207d2b5c74616e2878297d7d7b32205c737172747b5c6c6e2834297d205c737172747b78205c6c6e5c6c65667428785e7b5c7069207d2b5c74616e2878295c7269676874297d7d24, 'find y''', 0x436861696e2072756c652070726f647563742072756c6520646572697661746976652e),
(97, 0x24793d5c74616e5e7b2d317d285c73696e2028785e34292924, 0x245c646973706c61797374796c655c667261637b3420785e33205c636f735c6c65667428785e345c7269676874297d7b312b5c73696e5c6c65667428785e345c7269676874295e327d24, 'find y''', 0x496e766572736520747269672070726f647563742072756c6520646572697661746976652e),
(98, 0x24793d5c646973706c61797374796c655c667261637b5c636f73205c6c65667428655e7b5c74616e2034787d5c7269676874297d7b5c7365632078205c74616e20787d24, 0x242d5c636f735c6c65667428655e7b5c74616e28342078297d5c726967687429205c636f732878292d5c636f735c6c65667428655e7b5c74616e28342078297d5c726967687429205c636f74287829205c6373632878292d3420655e7b5c74616e28342078297d205c636f73287829205c636f74287829205c73656328342078295e32205c73696e5c6c65667428655e7b5c74616e28342078297d5c72696768742924, 'find y''', 0x436861696e2072756c652070726f647563742072756c652071756f7469656e742072756c6520646572697661746976652e),
(99, 0x24793d5c737172747b5c636f7320285c737172742078297d24, 0x242d5c646973706c61797374796c655c667261637b5c73696e5c6c656674285c737172747b787d5c7269676874297d7b34205c737172747b787d205c737172747b5c636f735c6c656674285c737172747b787d5c7269676874297d7d24, 'find y''', 0x436861696e2072756c6520646572697661746976652e),
(100, 0x24793d785e7b5c73656320787d24, 0x24785e7b5c7365632878297d205c6c656674285c667261637b5c7365632878297d7b787d2b5c6c6e287829205c736563287829205c74616e2878295c72696768742924, 'find y''', 0x4c6f6761726974686d696320646966666572656e74696174696f6e20646572697661746976652e),
(101, 0x2479785e323d5c74616e5e7b2d317d2878292b655e7924, 0x245c646973706c61797374796c655c667261637b5c6672616320317b785e322b317d202d3278797d7b785e322d655e797d24, 'find y''', 0x496e7665727365207472696720696d706c6963697420646966666572656e74696174696f6e20646572697661746976652e),
(102, 0x24793d5c646973706c61797374796c655c667261637b2834785e332b31295e7b31347d7d7b2838785e5c70692d3778295e7b387d2834655e782d37295e7b3430307d7d24, 0x242d5c646973706c61797374796c655c667261637b38205c6c65667428312b3420785e335c7269676874295e7b31347d205c6c656674282d372b38205c70692020785e7b2d312b5c7069207d5c7269676874297d7b5c6c656674282d372b3420655e785c7269676874295e7b3430307d205c6c656674282d3720782b3820785e7b5c7069207d5c7269676874295e397d2b5c646973706c61797374796c655c667261637b31363820785e32205c6c65667428312b3420785e335c7269676874295e7b31337d7d7b5c6c656674282d372b3420655e785c7269676874295e7b3430307d205c6c656674282d3720782b3820785e7b5c7069207d5c7269676874295e387d2d5c646973706c61797374796c655c667261637b3136303020655e78205c6c65667428312b3420785e335c7269676874295e7b31347d7d7b5c6c656674282d372b3420655e785c7269676874295e7b3430317d205c6c656674282d3720782b3820785e7b5c7069207d5c7269676874295e387d24, 'find y''', 0x4c6f6761726974686d696320646966666572656e74696174696f6e2071756f7469656e742072756c6520646572697661746976652e),
(103, 0x245c6373632079202b5c636f742078203d205c6373632079205c636f74207824, 0x245c646973706c61797374796c655c667261637b5c6373635e322078202d205c6373632079205c6373635e3220787d7b5c6373632079205c636f742079205c636f742078202d205c6373632079205c636f7420797d24, 'find y''', 0x496d706c6963697420646966666572656e74696174696f6e20646572697661746976652e),
(104, 0x245c73696e5e322078202b5c636f735e3220793d3124, 0x245c646973706c61797374796c655c667261637b5c73696e2078205c636f7320787d7b5c73696e2079205c636f7320797d24, 'find y''', 0x496d706c6963697420646966666572656e74696174696f6e20646572697661746976652e),
(105, 0x245c6c6f675f342879292d37655e7b785e787d3d325c7365632028785e322924, 0x2479285c6c6e2034292834785c7365632028785e32295c74616e2028785e32292b37655e7b785e787d28785e782b785e785c6c6e2078292924, 'find y''', 0x496d706c6963697420646966666572656e74696174696f6e206c6f6761726974686d696320646966666572656e74696174696f6e20646572697661746976652e),
(118, 0x245c646973706c61797374796c65205c6c696d5f7b785c746f20617d2028322b782924, 0x245c64656c74613d5c657073696c6f6e24, 'delta epsilon limit', 0x4c696e6561722064656c746120657073696c6f6e2e),
(117, 0x245c646973706c61797374796c65205c6c696d5f7b785c746f20337d2028332b782f322924, 0x245c64656c74613d325c657073696c6f6e24, 'delta epsilon limit', 0x4c696e6561722064656c746120657073696c6f6e2e),
(116, 0x245c646973706c61797374796c65205c6c696d5f7b785c746f20377d202831342d33782924, 0x245c64656c74613d5c657073696c6f6e2f3324, 'delta epsilon limit', 0x4c696e6561722064656c746120657073696c6f6e2e),
(115, 0x245c646973706c61797374796c65205c6c696d5f7b785c746f20315e2d7d205c667261637b782d317d7b7c782d317c7d24, 0x245c64656c74613d5c657073696c6f6e24, 'delta epsilon limit', 0x4c696e6561722064656c746120657073696c6f6e2e),
(114, 0x245c646973706c61797374796c65205c6c696d5f7b785c746f20327d202838782d342924, 0x245c64656c74613d5c657073696c6f6e2f3824, 'delta epsilon limit', 0x4c696e6561722064656c746120657073696c6f6e2e),
(113, 0x245c646973706c61797374796c65205c6c696d5f7b785c746f20337d20313224, 0x245c64656c74613d3124, 'delta epsilon limit', 0x4c696e6561722064656c746120657073696c6f6e2e),
(119, 0x245c646973706c61797374796c65205c6c696d5f7b785c746f20317d2028782d31295e3324, 0x245c64656c74613d5c737172745b335d7b5c657073696c6f6e7d24, 'delta epsilon limit', 0x53796d6d65747269632063756269632064656c746120657073696c6f6e2e),
(147, 0x24793d5c626567696e7b63617365737d207c787c2026205c746578747b6966207d20785c6c65712061205c5c20785e332b322026205c746578747b6966207d20783e61205c656e647b63617365737d24, 0x24613d2d3124, 'continuous', 0x4d616b652066756e6374696f6e20636f6e74696e756f75732e),
(146, 0x24793d5c626567696e7b63617365737d20615c636f7320782b622026205c746578747b6966207d20785c6c6571205c7069205c5c2061785e322d32622026205c746578747b6966207d205c70693c20783c2034205c5c203461782d625c7371727420782026205c746578747b6966207d20785c67657120345c656e647b63617365737d24, 0x416e792024612c6224207375636820746861742024623d5c667261637b5c70695e322b317d7b337d61242077696c6c20776f726b2e, 'continuous', 0x4d616b652066756e6374696f6e20636f6e74696e756f75732e),
(145, 0x24793d5c626567696e7b63617365737d202d28782b61292026205c746578747b6966207d20783c31205c5c20785e332b612026205c746578747b6966207d20785c67657120315c656e647b63617365737d24, 0x24613d2d3124, 'continuous', 0x4d616b652066756e6374696f6e20636f6e74696e756f75732e),
(135, 0x245b5b665d5d3d32782b3124, 0x243224, 'limitDerivative', 0x4c696d697420646566696e6974696f6e206f6620646572697661746976652e),
(136, 0x245b5b665d5d3d785e3224, 0x24327824, 'limitDerivative', 0x4c696d697420646566696e6974696f6e206f6620646572697661746976652e),
(137, 0x245b5b665d5d3d785e332d337824, 0x2433785e322d3324, 'limitDerivative', 0x4c696d697420646566696e6974696f6e206f6620646572697661746976652e),
(138, 0x245b5b665d5d3d5c737172747b33782b327d24, 0x2428332f32292833782b32295e7b2d312f327d24, 'limitDerivative', 0x4c696d697420646566696e6974696f6e206f6620646572697661746976652e),
(139, 0x245b5b665d5d3d312f5c737172747b32787d24, 0x242d312f28325c737172747b327d29785e7b2d332f327d24, 'limitDerivative', 0x4c696d697420646566696e6974696f6e206f6620646572697661746976652e),
(140, 0x245b5b665d5d3d32782b5c737172747b32787d24, 0x24322b285c737172747b327d2f3229785e7b2d312f327d24, 'limitDerivative', 0x4c696d697420646566696e6974696f6e206f6620646572697661746976652e),
(141, 0x245b5b665d5d3d5c646973706c61797374796c655c667261637b337d7b782b317d24, 0x245c646973706c61797374796c655c667261637b2d337d7b28782b31295e327d24, 'limitDerivative', 0x4c696d697420646566696e6974696f6e206f6620646572697661746976652e),
(142, 0x245b5b665d5d3d5c646973706c61797374796c655c667261637b34787d7b782d317d24, 0x245c646973706c61797374796c655c667261637b2d347d7b28782d31295e327d24, 'limitDerivative', 0x4c696d697420646566696e6974696f6e206f6620646572697661746976652e),
(143, 0x245b5b665d5d3d785e342b327824, 0x2434785e332b3224, 'limitDerivative', 0x4c696d697420646566696e6974696f6e206f6620646572697661746976652e),
(144, 0x24793d5c626567696e7b63617365737d205c737172747b2d787d2026205c746578747b6966207d20783c305c5c2028782b32295e322b612026205c746578747b6966207d20785c6765712030205c656e647b63617365737d24, 0x24613d2d3424, 'continuous', 0x4d616b652066756e6374696f6e20636f6e74696e756f75732e),
(148, 0x24793d5c626567696e7b63617365737d2d782026205c746578747b6966207d20783c2061205c5c20785e342026205c746578747b6966207d20615c6c65712078203c2062205c5c20785e332d33782026205c746578747b6966207d20785c67657120625c656e647b63617365737d24, 0x24613d2d31242c2024623d30242e, 'continuous', 0x4d616b652066756e6374696f6e20636f6e74696e756f75732e),
(149, 0x24793d5c626567696e7b63617365737d2061785e322b6278202b20632026205c746578747b6966207d20783c2d31205c5c2062785e322b63782b612026205c746578747b6966207d202d315c6c657120783c2030205c5c2063785e322b61782b622026205c746578747b6966207d20305c6c65712078203c2031205c5c2032785e322b33782b342026205c746578747b6966207d20785c67657120315c656e647b63617365737d24, 0x24613d623d633d3324, 'continuous', 0x4d616b652066756e6374696f6e20636f6e74696e756f75732e),
(150, 0x245b5b665d5d3d5c737172745b355d7b782b347d24, 0x24785e352d3424, 'inverse', 0x46696e6420696e76657273652066756e6374696f6e2e),
(151, 0x245b5b665d5d3d342d655e7b32787d24, 0x245c667261637b317d7b327d5c6c6e28342d782924, 'inverse', 0x46696e6420696e76657273652066756e6374696f6e2e),
(152, 0x245b5b665d5d3d5c74616e5e7b2d317d5c6c65667428655e7b785e337d5c72696768742924, 0x245c737172745b335d7b5c6c6e285c74616e287829297d24, 'inverse', 0x46696e6420696e76657273652066756e6374696f6e2e),
(153, 0x245b5b665d5d3d655e7b785e357d24, 0x245c737172745b355d7b5c6c6e2878297d24, 'inverse', 0x46696e6420696e76657273652066756e6374696f6e2e),
(154, 0x245b5b665d5d3d34785e332d3324, 0x245c737172745b335d7b5c646973706c61797374796c655c667261637b782b337d7b347d7d24, 'inverse', 0x46696e6420696e76657273652066756e6374696f6e2e),
(155, 0x245b5b665d5d3d5c646973706c61797374796c655c667261637b34782d317d7b32782b337d24, 0x245c646973706c61797374796c655c667261637b33782b317d7b342d32787d24, 'inverse', 0x46696e6420696e76657273652066756e6374696f6e2e),
(156, 0x245b5b665d5d3d5c646973706c61797374796c655c667261637b655e787d7b322b655e787d24, 0x245c6c6e5c6c656674285c646973706c61797374796c655c667261637b32787d7b312d787d5c72696768742924, 'inverse', 0x46696e6420696e76657273652066756e6374696f6e2e),
(157, 0x245b5b665d5d3d5c6c6e5c6c656674285c646973706c61797374796c655c667261637b655e787d7b322b655e787d5c72696768742924, 0x245c6c6e5c6c656674285c646973706c61797374796c655c667261637b32655e787d7b312d655e787d5c72696768742924, 'inverse', 0x46696e6420696e76657273652066756e6374696f6e2e),
(158, 0x245c636f732078203d20785e332d3124, 0x55736520495654, 'IVT', 0x4956542e),
(159, 0x245c6c6e2078203d20332d327824, 0x55736520495654, 'IVT', 0x4956542e),
(160, 0x24313030655e7b2d782f3130307d3d302e3031785e3224, 0x55736520495654, 'IVT', 0x4956542e),
(161, 0x245c74616e5e7b2d317d20783d312d7824, 0x55736520495654, 'IVT', 0x4956542e),
(162, 0x245c646973706c61797374796c65205c667261637b32785e7b327d2d377d7b33785e7b327d2b32787d203d205c646973706c61797374796c65205c667261637b33785e7b327d2d37782b317d7b325c6c6566742820782b32205c7269676874295e7b327d7d24, 0x55736520495654, 'IVT', 0x4956542e),
(173, 0x54686520726164697573206f6620612073706865726520697320696e6372656173696e6720617420612072617465206f662034206d6d2f732e20486f7720666173742069732074686520766f6c756d6520696e6372656173696e67207768656e20746865206469616d65746572206973203830206d6d3f, 0x2432352c3630305c706924206d6d2f732e, 'related rates', 0x52656c617465642072617465732073706865726520766f6c756d652e),
(174, 0x4120737472656574206c69676874206973206d6f756e7465642061742074686520746f70206f6620612031352d66742d74616c6c20706f6c652e2041206d616e20362066742074616c6c2077616c6b7320617761792066726f6d2074686520706f6c6520776974682061207370656564206f6620352066742f7320616c6f6e67206120737472616967687420706174682e20486f7720666173742069732074686520746970206f662068697320736861646f77206d6f76696e67207768656e2068652069732034302066742066726f6d2074686520706f6c653f, 0x2432352f33242066742f732e, 'related rates', 0x52656c617465642072617465732073696d696c617220747269616e676c65732e),
(164, 0x41206c61646465722024313024206674206c6f6e6720726573747320616761696e7374206120766572746963616c2077616c6c2e2049662074686520626f74746f6d206f6620746865206c616464657220736c6964657320617761792066726f6d207468652077616c6c20617420612072617465206f66202431242066742f7365632c20686f7720666173742069732074686520746f70206f6620746865206c616464657220736c6964696e6720646f776e207468652077616c6c207768656e2074686520626f74746f6d206f6620746865206c6164646572206973202436242066742066726f6d207468652077616c6c3f, 0x242d5c646973706c61797374796c655c667261633334242066742f732e, 'related rates', 0x52656c61746564207261746573207079746861676f7265616e207468656f72656d2e),
(165, 0x53616c6c79207265616c6c79206c696b657320627562626c652d79756d245e7b5c746578747b544d7d7d242e20536369656e746966696320746573747320686176652070726f76656e207468617420746865206d6178696d756d20766f6c756d65207468617420612073696e676c65207069656365206f6620627562626c652d79756d245e7b5c746578747b544d7d7d242063616e2061747461696e2069732024382420696e245e33242e204f6e65206461792c2053616c6c7920697320626c6f77696e67206120627562626c652c2074686520726164697573206f6620776869636820697320696e6372656173696e67206174206120636f6e7374616e742072617465206f662024312420696e2f7365632e20537570706f73696e672053616c6c79277320627562626c652072656163686573206d6178696d756d20766f6c756d652c20776861742069732074686520726174652061742077686963682074686520766f6c756d65206f662074686520627562626c65206973206368616e67696e6720746865206d6f6d656e742074686520627562626c65206578706c6f6465733f, 0x24345c737172745b335d7b33365c70697d2420696e245e33242f732e, 'related rates', 0x52656c617465642072617465732073706865726520766f6c756d652e),
(166, 0x41206261736562616c6c206469616d6f6e642069732061207371756172652077697468207369646520243930242066742e2041206261747465722068697473207468652062616c6c20616e642072756e7320746f77617264206669727374206261736520776974682061207370656564206f6620243234242066742f732e20417420776861742072617465206973206869732064697374616e63652066726f6d207365636f6e6420626173652064656372656173696e67207768656e2068652069732068616c6677617920746f20666972737420626173653f20417420776861742072617465206973206869732064697374616e63652066726f6d207468697264206261736520696e6372656173696e67206174207468652073616d65206d6f6d656e743f, 0x242d5c646973706c61797374796c655c667261637b313038307d7b5c737172747b39305e322b34305e327d7d242066742f732c20245c646973706c61797374796c655c667261637b313038307d7b5c737172747b39305e322b34305e327d7d242066742f732e, 'related rates', 0x52656c61746564207261746573207079746861676f7265616e207468656f72656d2e),
(167, 0x54776f2070656f706c652073746172742066726f6d207468652073616d6520706f696e742e204f6e652077616c6b73206561737420617420243324206d692f6820616e6420746865206f746865722077616c6b73206e6f72746820617420243224206d692f682e20486f772066617374206973207468652064697374616e6365206265747765656e207468652070656f706c65206368616e67696e672061667465722024313524206d696e757465733f, 0x245c737172747b31337d24206d70682e, 'related rates', 0x52656c61746564207261746573207079746861676f7265616e207468656f72656d2e),
(168, 0x53616e642066616c6c732066726f6d20616e206f766572686561642062696e20616e6420616363756d756c6174657320696e206120636f6e6963616c2070696c652077697468206120726164697573207468617420697320616c776179732074687265652074696d657320697473206865696768742e20537570706f73652074686520686569676874206f66207468652070696c6520696e6372656173657320617420612072617465206f66203220636d2f73207768656e207468652070696c6520697320313220636d20686967682e20417420776861742072617465206973207468652073616e64206c656176696e67207468652062696e206174207468617420696e7374616e743f, 0x24323539325c70692420636d245e33242f732e, 'related rates', 0x52656c6174656420726174657320636f6e6520766f6c756d652e),
(169, 0x4120636f6666656520706f7420696e2074686520666f726d206f6620612063697263756c61722063796c696e646572206f66207261646975732024342420696e206973206265696e672066696c6c6564207769746820776174657220666c6f77696e67206174206120636f6e7374616e7420726174652e20496620746865207761746572206c6576656c20697320726973696e67206174207468652072617465206f6620302e3320696e2f7365632c20776861742069732074686520726174652061742077686963682074686520776174657220697320666c6f77696e6720696e746f2074686520636f6666656520706f743f, 0x245c646973706c61797374796c655c667261637b32347d7b357d5c70692420696e245e33242f732e, 'related rates', 0x52656c617465642072617465732063796c696e64657220766f6c756d652e),
(170, 0x41206b697465203130302066742061626f7665207468652067726f756e64206d6f76657320686f72697a6f6e74616c6c792061742061207370656564206f6620382066742f732e204174207768617420726174652069732074686520616e676c65206265747765656e2074686520737472696e6720616e642074686520686f72697a6f6e74616c2064656372656173696e67207768656e20323030206674206f6620737472696e6720686173206265656e206c6574206f75743f, 0x242d5c646973706c61797374796c655c667261637b317d7b35307d24207261642f732e, 'related rates', 0x52656c6174656420726174657320747269672066756e6374696f6e732e),
(171, 0x54686520686569676874206f66206120747269616e676c6520697320696e6372656173696e6720617420612072617465206f662024312420636d2f6d696e207768696c65207468652061726561206f662074686520747269616e676c6520697320696e6372656173696e6720617420612072617465206f662024322420636d245e32242f6d696e2e20417420776861742072617465206973207468652062617365206f662074686520747269616e676c65206368616e67696e67207768656e2074686520686569676874206973202431302420636d20616e6420746865206172656120697320243130302420636d3f, 0x242d5c646973706c61797374796c655c667261637b387d7b357d2420636d2f6d696e2e, 'related rates', 0x52656c617465642072617465732061726561206f6620747269616e676c652e),
(172, 0x436f6e73696465722074686520666f6c6c6f77696e6720736974756174696f6e2e2054776f2072756e6e657273207374617274206174206f70706f7369746520656e6473206f6620612063697263756c617220747261636b20616e6420626567696e20746f2072756e20696e206f70706f7369746520646972656374696f6e733a206f6e65206f6e2074686520696e73696465206c616e6520617420612072617465206f6620356d2f7320616e6420616e6f7468657220696e20746865206f757473696465206c616e6520617420612072617465206f6620346d2f732e20496620746865207261646969206f662074686520696e7369646520616e64206f75747369646520747261636b73206172652039306d20616e64203130306d20726573706563746976656c792c2066696e64207468652072617465206174207768696368207468652072756e6e65727320617265206d6f76696e6720617761792066726f6d2065616368206f74686572206166746572203330207365636f6e64732e, 0x242d382e33383524206d2f732e, 'related rates', 0x52656c61746564207261746573206c6177206f6620636f73696e65732e),
(175, 0x412063796c696e64726963616c2074616e6b2077697468207261646975732035206d206973206265696e672066696c6c6564207769746820776174657220617420612072617465206f662033206d245e33242f6d696e2e20486f7720666173742069732074686520686569676874206f662074686520776174657220696e6372656173696e673f, 0x245c667261637b337d7b32355c70697d24206d2f6d696e2e, 'related rates', 0x52656c6174656420726174657320766f6c756d65206f662063796c696e6465722e),
(176, 0x41206d616e207374617274732077616c6b696e67206e6f72746820617420342066742f732066726f6d206120706f696e74202450242e2046697665206d696e75746573206c61746572206120776f6d616e207374617274732077616c6b696e6720736f757468206174202435242066742f732066726f6d206120706f696e74202435303024206674206475652065617374206f66202450242e2041742077686174207261746520617265207468652070656f706c65206d6f76696e672061706172742024313524206d696e2061667465722074686520776f6d616e207374617274732077616c6b696e673f, 0x245c667261637b3833377d7b5c737172747b383637347d7d242066742f732e, 'related rates', 0x52656c61746564207261746573207079746861676f7265616e207468656f72656d2e),
(177, 0x4120626f6174206973206265696e672070756c6c656420696e746f206120646f636b206279206120726f706520617474616368656420746f2074686520626f77206f662074686520626f617420616e642070617373696e67207468726f75676820612070756c6c6579206f6e2074686520646f636b20746861742069732031206d20686967686572207468616e2074686520626f77206f662074686520626f61742e2049662074686520726f70652069732070756c6c656420696e20617420612072617465206f662031206d2f732c20686f7720666173742069732074686520626f617420617070726f616368696e672074686520646f636b207768656e2069742069732038206d2066726f6d2074686520646f636b3f, 0x245c737172747b36357d2f3824206d2f732e, 'related rates', 0x52656c6174656420726174657320747269672066756e6374696f6e732e),
(178, 0x5761746572206973206c65616b696e6720686f77206f6620616e20696e76657274656420636f6e6963616c2074616e6b20617420612072617465206f662031303020636d245e33242f6d696e206174207468652073616d652074696d652074686174207761746572206973206265696e672070756d70656420696e746f207468652074616e6b206174206120636f6e7374616e7420726174652e205468652074616e6b20686173206865696768742036206d20616e6420746865206469616d657465722061742074686520746f702069732034206d2e20496620746865207761746572206c6576656c20697320726973696e6720617420612072617465206f6620323020636d2f6d696e207768656e2074686520686569676874206f66207468652077617465722069732032206d2c2066696e6420746865207261746520617420776869636820746865207761746572206973206265696e672070756d70656420696e746f207468652074616e6b2e, 0x245c667261637b3234305c70697d7b32377d2b3130302420636d2f732e, 'related rates', 0x52656c617465642072617465732073696d696c617220747269616e676c657320636f6e6520766f6c756d652e),
(179, 0x41206c69676874686f757365206973206c6f6361746564206f6e206120736d616c6c2069736c616e642033206b6d20617761792066726f6d20746865206e65617265737420706f696e7420245024206f6e20612073747261696768742073686f72656c696e6520616e6420697473206c69676874206d616b65732034207265766f6c7574696f6e7320706572206d696e7574652e20486f77206661737420697320746865206265616d206f66206c69676874206d6f76696e6720616c6f6e67207468652073686f72656c696e65207768656e2069742069732032206b6d2066726f6d202450243f, 0x2438305c70692f3324206b6d2f6d696e2e, 'related rates', 0x52656c6174656420726174657320747269672066756e6374696f6e732e),
(180, 0x412046657272697320776865656c2077697468206120726164697573206f66203130206d20697320726f746174696e6720617420612072617465206f66206f6e65207265766f6c7574696f6e2065766572792032206d696e757465732e20486f772066617374206973206120726964657220726973696e67207768656e206869732073656174206973203136206d2061626f76652067726f756e64206c6576656c3f, 0x24385c706924206d2f6d696e2e, 'related rates', 0x52656c6174656420726174657320747269672066756e6374696f6e732e),
(181, 0x4120706c616e6520666c79696e67206174206120636f6e7374616e742073706564206f6620323030206b6d2f6820706173736573206f76657220612067726f756e642072616461722073746174696f6e20617420616e20616c746974756465206f662031206b6d20616e6420636c696d627320617420616e20616e676c65206f66203330245e5c63697263242e20417420776861742072617465206973207468652064697374616e63652066726f6d2074686520706c616e6520746f207468652072616461722073746174696f6e20696e6372656173696e672061206d696e757465206c617465723f, 0x245c667261637b313635307d7b5c737172747b33317d7d24206b6d2f682e, 'related rates', 0x52656c61746564207261746573206c6177206f6620636f73696e65732e),
(182, 0x546865206d696e7574652068616e64206f6e20612077617463682069732038206d6d206c6f6e6720616e642074686520686f75722068616e642069732034206d6d206c6f6e672e20486f772066617374206973207468652064697374616e6365206265747765656e207468652074697073206f66207468652068616e6473206368616e67696e67206174206f6e65206f27636c6f636b3f, 0x242d5c667261637b38385c70697d7b335c737172747b38302d33325c7371727420337d7d24206d6d2f6d696e2e, 'related rates', 0x52656c61746564207261746573206c6177206f6620636f73696e65732e),
(183, 0x49662024662420697320636f6e74696e756f75732c207468656e2024662420697320646966666572656e746961626c652e, 0x46616c73652e, 'true false', 0x5472756520616e642066616c736520646966666572656e74696162696c6974792e),
(184, 0x49662024662420697320646966666572656e746961626c652c207468656e2024662420697320636f6e74696e756f75732e, 0x547275652e, 'true false', 0x5472756520616e642066616c736520646966666572656e74696162696c6974792e),
(185, 0x496620246624206973206f64642c207468656e202466242068617320616e20696e76657273652e, 0x46616c73652e, 'true false', 0x5472756520616e642066616c736520696e766572746962696c6974792e),
(186, 0x4966202466242068617320616e20696e76657273652c207468656e20246624206973206e6f74206576656e2e, 0x547275652e, 'true false', 0x5472756520616e642066616c736520696e766572746962696c6974792e),
(187, 0x496620245c646973706c61797374796c655c6c696d5f7b785c746f20347d20662878293d2d313d66283429242c207468656e20746865726520697320736f6d65206e756d62657220245c64656c746124207769746820246624206e65676174697665206f6e202428342d5c64656c74612c342b5c64656c746129242e, 0x547275652e, 'true false', 0x5472756520616e642066616c73652064656c746120657073696c6f6e2e),
(188, 0x49662024662420697320696e6372656173696e67206f6e2024282d5c696e6674792c205c696e66747929242c207468656e202466242068617320616e20696e76657273652e, 0x547275652e, 'true false', 0x5472756520616e642066616c736520696e766572746962696c6974792e),
(189, 0x49662024662831293d37242c207468656e20245c646973706c61797374796c655c6c696d5f7b785c746f20307d206628655e78293d37242e, 0x46616c73652e, 'true false', 0x5472756520616e642066616c736520636f6e74696e756974792e),
(190, 0x245c646973706c61797374796c655c6c696d5f7b785c746f205c696e6674797d2028782b3329202d5c646973706c61797374796c655c6c696d5f7b785c746f205c696e6674797d202878293d33242e, 0x46616c73652e, 'true false', 0x5472756520616e642066616c7365206c696d6974732e),
(191, 0x245c737172747b392e30347d24, 0x24332e30305c6261727b367d24, 'lin approx', 0x4c696e65617220617070726f78696d6174696f6e2073717561726520726f6f742e),
(192, 0x24655e7b302e327d24, 0x312e32, 'lin approx', 0x4c696e65617220617070726f78696d6174696f6e206578706f6e656e7469616c2e),
(193, 0x2428332e3935295e3324, 0x36312e36, 'lin approx', 0x4c696e65617220617070726f78696d6174696f6e20706f7765722e),
(194, 0x2428342e3032295e332b3228342e3032295e322d28342e3032292d313024, 0x38332e3236, 'lin approx', 0x4c696e65617220617070726f78696d6174696f6e20706f7765722e),
(195, 0x245c6c6e203224, 0x24312b5c667261637b322d657d7b657d5c617070726f782e373424, 'lin approx', 0x4c696e65617220617070726f78696d6174696f6e206c6f6761726974686d2e),
(196, 0x245c736563202834305e5c636972632924, 0x245c737172747b327d28312d5c70692f33362924, 'lin approx', 0x4c696e65617220617070726f78696d6174696f6e20747269672e),
(197, 0x24793d5c746578747b74616e687d285c73696e28655e7b2d787d292924, 0x2479273d2d5c746578747b736563687d5e32285c73696e28655e7b2d787d29295c636f7328655e7b2d787d29655e7b2d787d24, 'find y''', 0x4879706572626f6c696320636861696e2072756c652e),
(198, 0x24793d5c746578747b73696e687d5c6c656674285c737172747b785e342b317d5c7269676874292420, 0x2479273d34785e335c746578747b636f73687d285c737172747b785e342b317d2928312f322928785e342b31295e7b2d312f327d24, 'find y''', 0x4879706572626f6c696320636861696e2072756c652e),
(199, 0x24793d5c737172745b365d7b5c646973706c61797374796c655c667261637b312b5c746578747b74616e687d5e322878297d7b5c6c6e20787d7d24, 0x245c646973706c61797374796c652079273d28312f36295c6c656674285c667261637b312b5c746578747b74616e687d5e322878297d7b5c6c6e20787d5c7269676874295e7b2d352f367d5c6c656674285c667261637b325c6c6e20785c746578747b74616e687d2878295c746578747b736563687d5e322878292d28312b5c746578747b74616e687d5e3278292f787d7b285c6c6e2078295e327d5c72696768742924, 'find y''', 0x4879706572626f6c696320636861696e2072756c652071756f7469656e742072756c652e),
(200, 0x24793d78205c746578747b636f74687d5c6c65667428342b785e335c72696768742924, 0x2479273d5c746578747b636f74687d28342b785e33292d33785e335c746578747b637363687d5e3228342b785e332924, 'find y''', 0x4879706572626f6c696320636861696e2072756c652e),
(201, 0x24793d785e7b5c746578747b736563687d2878297d24, 0x2479273d785e7b5c746578747b736563687d20787d285c746578747b736563687d202878292f782d5c746578747b736563687d20785c74616e20785c6c6e20782924, 'find y''', 0x4879706572626f6c6963206c6f6761726974686d696320646966666572656e74696174696f6e2e),
(202, 0x24793d285c746578747b74616e687d287829295e7b5c6c6e2028785e342b31297d2420, 0x2479273d285c746578747b74616e687d2078295e7b5c6c6e28785e342b31297d2834785e335c6c6e285c746578747b74616e687d2078292f28785e342b31292b5c746578747b736563687d5e32785c6c6e28785e342b31292f5c746578747b74616e687d20782924, 'find y''', 0x4879706572626f6c6963206c6f6761726974686d696320646966666572656e74696174696f6e2e),
(203, 0x24793d5c746578747b73696e687d2878295c746578747b636f73687d2878295c746578747b74616e687d28782924, 0x2479273d325c746578747b73696e687d2878295c746578747b636f73687d28782924, 'find y''', 0x4879706572626f6c69632070726f647563742072756c652e),
(204, 0x24793d5c646973706c61797374796c655c667261637b5c746578747b73696e687d2878297d7b5c746578747b636f73687d2878295c746578747b74616e687d2878297d24, 0x2479273d3024, 'find y''', 0x4879706572626f6c69632063616e63656c2e),
(205, 0x245c646973706c61797374796c65205c6c696d5f7b785c746f20317d205c667261637b785e322d317d7b785e322d787d24, 0x32, 'limit', 0x466163746f72206c696d69742e),
(206, 0x245c646973706c61797374796c65205c6c696d5f7b785c746f5c696e6674797d205c667261637b5c6c6e205c6c6e20787d7b787d24, 0x30, 'limit', 0x4c27486f706974616c2e),
(207, 0x245c646973706c61797374796c65205c6c696d5f7b785c746f205c696e6674797d20785e7b2d347d655e7824, 0x245c696e66747924, 'limit', 0x4c27486f706974616c2e),
(208, 0x245c646973706c61797374796c65205c6c696d5f7b785c746f202d5c696e6674797d20655e7b787d2028785e332b3134785e322b323030392924, 0x30, 'limit', 0x4c27486f706974616c2e),
(209, 0x245c646973706c61797374796c65205c6c696d5f7b785c746f20307d205c667261637b5c73696e5e7b2d317d20787d7824, 0x31, 'limit', 0x4c27486f706974616c2e),
(210, 0x245c646973706c61797374796c65205c6c696d5f7b78205c746f20307d205c667261637b5c73696e20787d7b785e347d24, 0x444e45, 'limit', 0x4c27486f706974616c2e),
(211, 0x245c646973706c61797374796c65205c6c696d5f7b785c746f205c696e6674797d205c6c656674285c737172747b785e322b787d2d785c72696768742924, 0x312f32, 'limit', 0x4c27486f706974616c2e),
(212, 0x245c646973706c61797374796c65205c6c696d5f7b785c746f20307d205c667261637b5c746578747b636f73687d2878292d317d7b5c74616e20787d24, 0x30, 'limit', 0x4c27486f706974616c2e),
(213, 0x245c646973706c61797374796c65205c6c696d5f7b785c746f20305e2b7d205c73696e2078205c6c6e207824, 0x30, 'limit', 0x4c27486f706974616c2e),
(214, 0x245c646973706c61797374796c65205c6c696d5f7b785c746f20307d20285c6373632078202d205c636f7420782924, 0x30, 'limit', 0x4c27486f706974616c2e),
(215, 0x245c646973706c61797374796c65205c6c696d5f7b785c746f20317d2028322d78295e7b5c74616e20285c706920782f32297d24, 0x24655e7b322f5c70697d24, 'limit', 0x4c27486f706974616c2e),
(216, 0x245c646973706c61797374796c65205c6c696d5f7b785c746f205c696e6674797d2028785e32655e7b312f787d2d785e322924, 0x30, 'limit', 0x4c27486f706974616c2e),
(217, 0x245c646973706c61797374796c65205c6c696d5f7b78205c746f205c696e6674797d2028655e782b78295e7b312f787d24, 0x246524, 'limit', 0x4c27486f706974616c2e),
(218, 0x46696e64206120706f736974697665206e756d62657220737563682074686174207468652073756d206f6620746865206e756d62657220616e6420697473207265636970726f63616c20697320617320736d616c6c20617320706f737369626c652e, 0x243124, 'optimization', 0x4d756c7469706c69636174696f6e206f7074696d697a6174696f6e2e),
(219, 0x46696e64207468652064696d656e73696f6e73206f6620612072656374616e676c65207769746820706572696d6574657220313030206d2077686f73652061726561206973206173206c6172676520617320706f737369626c652e, 0x2432355c74696d657320323524, 'optimization', 0x52656374616e676c65206f7074696d697a6174696f6e2e),
(220, 0x41206661726d65722077616e747320746f2066656e636520616e2061726561206f6620313030206d696c6c696f6e20737175617265206665657420696e20612072656374616e67756c6172206669656c6420616e64207468656e2064697669646520697420696e2068616c66207769746820612066656e636520706172616c6c656c20746f206f6e65206f6620746865207369646573206f66207468652072656374616e676c652e20486f772063616e20686520646f207468697320736f20617320746f206d696e696d697a652074686520636f7374206f66207468652066656e63653f, 0x24783d5c737172747b332f3230307d24206d696c6c696f6e2066742c2024793d5c667261637b3130307d7b5c737172747b332f3230307d7d24206d696c6c696f6e206674, 'optimization', 0x46656e63652072656374616e676c65206f7074696d697a6174696f6e2e),
(221, 0x41207069656365206f662077697265203130206d206c6f6e672069732063757420696e746f2074776f207069656365732e204f6e652070696563652069732062656e7420696e746f20612073717561726520616e6420746865206f746865722069732062656e7420696e746f20616e20657175696c61746572616c20747269616e676c652e20486f772073686f756c642074686520776972652062652063757420736f20746861742074686520746f74616c206172656120656e636c6f736564206973202861292061206d6178696d756d3f202862292061206d696e696d756d3f, 0x6d6178696d756d3a20616c6c2061726561206973207573656420666f7220746865207371756172652e206d696e696d756d3a2073696465206f66207468652073717561726520697320657175616c20746f20245c667261637b34305c737172747b337d7d7b392b345c7371727420337d24, 'optimization', 0x53717561726520747269616e676c652061726561206f7074696d697a6174696f6e2e),
(222, 0x46696e64207468652061726561206f6620746865206c6172676573742072656374616e676c6520746861742063616e20626520696e7363726962656420696e206120726967687420747269616e676c652077697468206c656773206f66206c656e677468203320636d20616e64203420636d2069662074776f207369646573206f66207468652072656374616e676c65206c696520616c6f6e6720746865206c6567732e, 0x243324, 'optimization', 0x52656374616e676c6520747269616e676c652061726561206f7074696d697a6174696f6e2e),
(223, 0x412072696768742063697263756c61722063796c696e64657220697320696e7363726962656420696e206120636f6e652077697468206865696768742024682420616e64206261736520726164697573202472242e2046696e6420746865206c61726765737420706f737369626c6520737572666163652061726561206f66207375636820612063796c696e6465722e, 0x686569676874243d5c667261637b687228322d68297d7b322d32687d242c20726164697573243d5c667261637b72687d7b322d32687d24, 'optimization', 0x436f6e652063796c696e646572206f7074696d697a6174696f6e2e),
(224, 0x417420776869636820706f696e74206f6e207468652063757276652024793d312b3430785e332d33785e352420646f6573207468652074616e67656e74206c696e65206861766520746865206c61726765737420736c6f70653f, 0x24282d322c2d323233292420616e64202428322c3232352924, 'optimization', 0x536c6f7065206f7074696d697a6174696f6e2e),
(225, 0x46696e6420746865206c656e677468206f66207468652073686f7274657374206c696e65207365676d656e74207468617420697320637574206f666620627920746865206669727374207175616472616e7420616e6420706173736573207468726f756768202428332c3429242e, 0x24335c736563285c61726374616e285c737172745b335d7b342f337d29292b345c63736320285c61726374616e285c737172745b335d7b342f337d292924, 'optimization', 0x4c696e65207365676d656e74206f7074696d697a6174696f6e2e),
(226, 0x416e2069736f7363656c657320747269616e676c6520686173206120666978656420706572696d65746572202450242e2046696e64207468652064696d656e73696f6e73206f662074686520747269616e676c652077686963682077696c6c206d6178696d697a652069747320617265612e, 0x416c6c2073696465732068617665206c656e6774682024502f3324, 'optimization', 0x49736f7363656c657320747269616e676c65206f7074696d697a6174696f6e2e),
(227, 0x4120626f78206973206d616465206f7574206f662061203130206674206279203230206674207069656365206f662063617264626f6172642062792063757474696e6720247824206279202478242073717561726573206f7574206f662074686520636f726e6572732e2046696e64207468652076616c7565206f6620247824207768696368206d6178696d697a65732074686520766f6c756d65206f662074686520626f782e, 0x24783d352d5c667261637b5c737172747b37357d7d7b337d24, 'optimization', 0x426f78206f7074696d697a6174696f6e2e),
(228, 0x245c646973706c61797374796c65205c696e742028785e342b5c706920785e332d325c737172747b787d295c2c647824, 0x24785e352f352b5c706920785e342f342d34785e7b332f327d2f332b4324, 'integral', 0x4561737920696e74656772616c2e),
(229, 0x245c646973706c61797374796c65205c696e74205c6c65667428205c73696e2078202b205c746578747b636f73687d20287829202d205c667261637b317d7b787d5c7269676874295c2c647824, 0x242d5c636f7320782b5c73696e6820782d5c6c6e7c787c2b4324, 'integral', 0x45617379206879706572626f6c696320696e74656772616c2e),
(230, 0x245c646973706c61797374796c65205c696e74205c7365635e3220785c2c647824, 0x245c74616e20782b4324, 'integral', 0x4561737920696e74656772616c2e),
(231, 0x245c646973706c61797374796c65205c696e74205c73696e2078202d20655e7b33787d5c2c647824, 0x242d5c636f7320782d655e7b33787d2f332b4324, 'integral', 0x5520737562737469747574696f6e20696e74656772616c2e),
(232, 0x245c646973706c61797374796c65205c696e745f7b307d5e31205c667261637b347d7b785e322b317d5c2c647824, 0x245c706924, 'integral', 0x496e7665727365207472696720696e74656772616c2e),
(233, 0x245c646973706c61797374796c65205c696e745f325e33205c667261637b785e342b317d7b785e337d5c2c647824, 0x24392f322d312f31382d322b312f3824, 'integral', 0x4561737920696e74656772616c2e),
(234, 0x245c646973706c61797374796c65205c696e7420355e7b782b31347d5c2c647824, 0x24355e7b782b31347d2f5c6c6e352b4324, 'integral', 0x46756e64616d656e74616c207468656f72656d206f662063616c63756c75732e),
(235, 0x245c646973706c61797374796c65205c696e745f7b307d5e32205c737172747b342d785e327d5c2c647824, 0x245c706924, 'integral', 0x436972636c6520696e74656772616c2e),
(236, 0x245c646973706c61797374796c65205c696e74205c667261637b347d7b5c737172747b312d785e327d7d5c2c647824, 0x24345c61726373696e20782b4324, 'integral', 0x496e7665727365207472696720696e74656772616c2e),
(237, 0x245b5b665d5d3d785e7b312f337d24206f6e20245b312c385d242e, 0x4d696e3a202428312c3129242c204d61783a202428382c322924, 'absolute extrema', 0x4162736f6c757465206d617820616e64206d696e2e),
(238, 0x245b5b665d5d3d785e322d32782d3324206f6e20245b2d322c335d242e, 0x4d696e3a202428312c2d3429242c204d61783a2024282d322c352924, 'absolute extrema', 0x4162736f6c757465206d617820616e64206d696e2e),
(239, 0x245b5b665d5d3d2d785e322b34782b3624206f6e20245b302c355d242e, 0x4d696e3a202428352c3129242c204d61783a202428322c31302924, 'absolute extrema', 0x4162736f6c757465206d617820616e64206d696e2e),
(240, 0x245b5b665d5d3d2d785e322b34782b3624206f6e20245b332c365d242e, 0x4d696e3a202428362c2d3329242c204d61783a202428332c392924, 'absolute extrema', 0x4162736f6c757465206d617820616e64206d696e2e),
(241, 0x245b5b665d5d3d39782d785e7b2d317d24206f6e20245b312c345d242e, 0x4d696e3a202428312c3829242c204d61783a202428342c3134332f342924, 'absolute extrema', 0x4162736f6c757465206d617820616e64206d696e2e),
(242, 0x245b5b665d5d3d5c646973706c61797374796c655c667261637b317d7b337d785e332d7824206f6e20245b302c325d242e, 0x4d696e3a202428312c2d322f3329242c204d61783a202428322c322f332924, 'absolute extrema', 0x4162736f6c757465206d617820616e64206d696e2e),
(243, 0x245b5b665d5d3d785c737172747b342d785e327d24206f6e20245b302c325d242e, 0x4d696e3a202428322c30292420616e64202428302c3029242c204d61783a2024285c7371727420322c322924, 'absolute extrema', 0x4162736f6c757465206d617820616e64206d696e2e),
(244, 0x245b5b665d5d3d5c646973706c61797374796c655c667261637b787d7b785e322b327d24206f6e20245b2d312c325d242e, 0x4d696e3a2024282d312c2d312f3329242c204d61783a202428322c312f332924, 'absolute extrema', 0x4162736f6c757465206d617820616e64206d696e2e),
(245, 0x245b5b665d5d3d5c73696e2078202b205c636f73207824206f6e20245b2d5c70692f342c20335c70692f345d242e, 0x4d696e3a2024282d5c70692f342c30292420616e64202428335c70692f342c3029242c204d61783a2024285c70692f342c5c7371727420322924, 'absolute extrema', 0x4162736f6c757465206d617820616e64206d696e2e),
(246, 0x245b5b665d5d3d5c6c6e2078202b34782d3724206f6e20245b312c355d242e, 0x4d696e3a202428312c2d3329242c204d61783a202428352c5c6c6e2035202b2031332924, 'absolute extrema', 0x4162736f6c757465206d617820616e64206d696e2e),
(247, 0x245b5b665d5d3d655e7b5c73696e20787d24206f6e20245b2d5c70692c5c70695d242e, 0x4d696e3a2024282d5c70692f322c312f6529242c204d61783a2024285c70692f322c652924, 'absolute extrema', 0x4162736f6c757465206d617820616e64206d696e2e),
(248, 0x245b5b665d5d3d5c746578747b74616e687d28312f782924206f6e20245b312c335d242e, 0x4d696e3a202428312c5c667261637b652d312f657d7b652b312f657d29242c204d61783a202428332c5c667261637b655e332d655e7b2d337d7d7b655e332b655e7b2d337d7d2924, 'absolute extrema', 0x4162736f6c757465206d617820616e64206d696e2e),
(249, 0x245c646973706c61797374796c655c696e74205c636f7320285c7069207829205c2c647824, 0x245c66726163315c7069205c73696e285c7069207829202b4324, 'integral', 0x5520737562737469747574696f6e2e),
(250, 0x245c646973706c61797374796c655c696e74205c737172747b5c636f7320787d5c73696e20785c2c20647824, 0x242d5c66726163323320285c636f732078295e7b332f327d2b4324, 'integral', 0x5520737562737469747574696f6e2e),
(251, 0x245c646973706c61797374796c655c696e745f305e5c7069205c646973706c61797374796c655c667261637b5c636f7320787d7b312b5c73696e20787d5c2c647824, 0x243024, 'integral', 0x5520737562737469747574696f6e2e),
(252, 0x245c646973706c61797374796c655c696e745f315e7b5c737172747b337d7d205c61726374616e28312f78295c2c647824, 0x245c667261637b317d7b31327d205c6c656674285c6c656674282d332b32205c737172747b337d5c726967687429205c7069202b5c6c6e283634295c72696768742924, 'integral', 0x496e746567726174696f6e2062792070617274732e),
(253, 0x245c646973706c61797374796c655c696e7420785e325c73696e20785c2c647824, 0x2428322d785e32295c636f732078202b2032785c73696e2078202b4324, 'integral', 0x496e746567726174696f6e2062792070617274732074776963652e),
(255, 0x245c646973706c61797374796c655c696e742078655e7b785e327d20647824, 0x245c66726163313220655e7b785e327d204324, 'integral', 0x5520737562737469747574696f6e2e),
(256, 0x245c646973706c61797374796c655c696e742078205c737172747b782b317d5c2c20647824, 0x245c6672616332352028782b31295e7b352f327d2d5c66726163323328782b31295e7b332f327d202b4324, 'integral', 0x5520737562737469747574696f6e2e),
(258, 0x245c646973706c61797374796c655c696e74205c667261637b5c6c6e20787d7b32787d5c2c20647824, 0x245c667261633134285c6c6e2078295e322b4324, 'integral', 0x5520737562737469747574696f6e2e),
(259, 0x245c646973706c61797374796c655c696e74205c667261637b7820655e7b785e327d7d7b655e7b785e327d2b317d5c2c20647824, 0x245c667261633132205c6c6e5c6c6566747c312b655e7b785e327d5c72696768747c2b4324, 'integral', 0x5520737562737469747574696f6e2e),
(260, 0x245c646973706c61797374796c655c696e745f305e31205c667261637b782d357d7b5c737172747b782b5c70697d7d5c2c20647824, 0x245c667261637b317d7b337d205c6c656674283330205c737172747b5c7069207d2b34205c7069205e7b332f327d2d34205c737172747b312b5c7069207d2028372b5c706920295c72696768742924, 'integral', 0x5520737562737469747574696f6e2e);
INSERT INTO `problems` (`uid`, `prob`, `answer`, `type`, `comment`) VALUES
(261, 0x245c646973706c61797374796c655c696e742028782b3129205c73696e28785e322b3278295c2c20647824, 0x242d5c667261633132205c636f7328785e322b3278292b4324, 'integral', 0x5520737562737469747574696f6e2e),
(262, 0x245c646973706c61797374796c655c696e74205c74616e5e325c7468657461205c7365635e325c74686574615c2c20645c746865746124, 0x245c667261633133205c74616e5e33205c746865746120204324, 'integral', 0x5520737562737469747574696f6e2e),
(263, 0x245c646973706c61797374796c655c696e74205c7365635e332078205c74616e20785c2c20647824, 0x245c667261633133205c7365635e3320782b4324, 'integral', 0x5520737562737469747574696f6e2e),
(264, 0x245c646973706c61797374796c655c696e74205c73696e285c6c6e2078295c2c20647824, 0x245c66726163207832205c6c656674285c73696e285c6c6e287829292d5c636f73285c6c6e287829295c7269676874292b4324, 'integral', 0x5520737562737469747574696f6e2c20696e746567726174696f6e2062792070617274732074776963652c207375627472616374206f7665722e),
(265, 0x245c646973706c61797374796c655c696e7420655e7b2d787d205c636f73283278295c2c20647824, 0x242d5c66726163313520655e7b2d787d285c636f7320283278292d325c73696e28327829292b4324, 'integral', 0x496e746567726174696f6e2062792070617274732074776963652c207375627472616374206f7665722e),
(266, 0x245c646973706c61797374796c655c696e7420785c6c6e28782b31295c2c20647824, 0x245c667261633132202828785e322d31295c6c6e2028782b3129202b782d5c66726163313220785e32292b4324, 'integral', 0x496e746567726174696f6e2062792070617274732e),
(267, 0x245c646973706c61797374796c655c696e74205c6373635e322078285c636f742078202d31295e335c2c20647824, 0x242d5c66726163313420285c636f742078202d2031295e342b4324, 'integral', 0x5520737562737469747574696f6e2e),
(268, 0x245c646973706c61797374796c655c696e745f315e7b655e7b5c70692f327d7d205c636f7320285c6c6e2078295c2c647824, 0x245c6672616331322078285c636f73285c6c6e2078292b5c73696e285c6c6e207829292b4324, 'integral', 0x5520737562737469747574696f6e2c20696e746567726174696f6e2062792070617274732074776963652c207375627472616374206f7665722e),
(269, 0x245c646973706c61797374796c655c696e74205c667261637b5c73696e20285c6c6e2078297d7b787d5c2c647824, 0x242d5c636f73285c6c6e207829204324, 'integral', 0x5520737562737469747574696f6e2e),
(271, 0x245c646973706c61797374796c655c696e74205c636f735e332078205c73696e5e322078205c2c647824, 0x245c667261633133205c73696e5e3320782d5c667261633135205c73696e5e3520782b4324, 'integral', 0x5520737562737469747574696f6e207472696720696e74656772616c2e),
(272, 0x245c646973706c61797374796c655c696e7420785c636f7320785c2c647824, 0x245c636f732078202b20785c73696e2078202b4324, 'integral', 0x496e746567726174696f6e2062792070617274732e),
(273, 0x245c646973706c61797374796c655c696e7420655e78205c73696e20285c70692078295c2c647824, 0x245c66726163317b312b5c70695e327d20655e78282d5c7069205c636f73285c70692078292b5c73696e285c7069207829292b4324, 'integral', 0x496e746567726174696f6e2062792070617274732074776963652c207375627472616374206f7665722e),
(274, 0x245c646973706c61797374796c655c696e745f305e3520785c6c6e2028782b31295c2c647824, 0x242d5c667261637b31357d342b31325c6c6e203624, 'integral', 0x496e746567726174696f6e2062792070617274732e),
(276, 0x245c646973706c61797374796c65205c696e745f7b2d5c696e6674797d5e5c696e66747920655e7b2d7c787c7d7e647824, 0x32, 'integral', 0x496e66696e69746520696e74656772616c2c206e656564732074776f2063617365732e),
(279, 0x7468697320697320616e20696d61676520746573740a5b5b494d4147455d5d20706f6f70, 0x696d6167652074657374, 'testing', ''),
(329, 0x5b5b494d4147455d5d20746573742032, 0x5b5b494d4147455d5d20746573742032, 'testing', ''),
(326, 0x7468697320697320616e20696d616765207465737420706f6f70205b5b494d4147455d5d20434f5059204f4620323739, 0x696d6167652074657374205b5b494d4147455d5d, 'testing', ''),
(321, 0x7465737420636f7079206f66203331310a0a5b5b494d4147455d5d20617364666173646620486f706566756c6c79207468697320776f726b732e203a29, 0x746573742032, 'testing', ''),
(323, 0x24793d5c667261637b317d7b785e337d24, 0x5b5b494d4147455d5d, 'testing', ''),
(328, 0x70726f626c656d205b5b494d4147455d5d, 0x736f6c7574696f6e205b5b494d4147455d5d, 'testing', ''),
(330, 0x245c696e745f305e5c7069205c667261637b5c636f7320787d7b312b5c73696e20787d5c2c647824, 0x30, 'integral', ''),
(331, 0x245c696e742078205c73696e5e3420785c2c647824, 0x245c667261637b337d7b31367d785e322d5c667261637b317d7b387d205c636f7328322078292b5c667261637b317d7b3132387d205c636f7328342078292d5c667261637b317d7b347d2078205c73696e28322078292b5c667261637b317d7b33327d2078205c73696e28342078292b4324, 'integral', ''),
(332, 0x245c696e745f7b2d5c70697d5e5c7069205c73696e5e7b32317d20785c2c647824, 0x30, 'integral', ''),
(333, 0x245c696e7420785e325c73696e20785c2c647824, 0x245c6c65667428322d785e325c726967687429205c636f732878292b322078205c73696e2878292b4324, 'integral', ''),
(334, 0x245c696e74205c737172747b332d32782d785e327d5c2c647824, 0x245c667261637b317d7b327d2028312b7829205c737172747b332d3220782d785e327d2b32205c61726373696e5c6c656674285c667261637b312b787d7b327d5c72696768742924, 'integral', ''),
(335, 0x245c696e7420655e7b32787d205c636f732078205c2c647824, 0x245c667261637b317d7b357d20655e7b3220787d202832205c636f732878292b5c73696e287829292b4324, 'integral', ''),
(336, 0x245c696e745f305e35205c667261637b33772d317d7b772d327d5c2c647724, 0x4469766572676573, 'integral', ''),
(337, 0x245c696e745f305e3120785e34205c6c6e285c7371727420782920647824, 0x242d312f353024, 'integral', ''),
(338, 0x245c696e74205c667261637b357d7b5c73696e20785c636f7320787d5c2c647824, 0x24355c6c6e7c5c74616e20787c2b4324, 'integral', ''),
(339, 0x245c696e74205c667261637b655e7b5c7371727420787d7d7b5c7371727420787d20647824, 0x2432655e7b5c737172747b787d7d2b4324, 'integral', ''),
(340, 0x245c696e74205c667261637b312d5c74616e20787d7b312b5c74616e20787d5c2c647824, 0x245c6c6e7c5c636f732078202b205c73696e20787c2b4324, 'integral', ''),
(341, 0x245c696e74205c61726373696e2078205c2c20647824, 0x245c737172747b312d785e327d2b78205c61726373696e2878292b4324, 'integral', ''),
(342, 0x245c696e74205c737172747b322b34655e787d5c2c647824, 0x24325c737172747b322b34655e787d2b5c737172742032205c6c6e5c6c656674285c667261637b5c737172747b322b34655e787d2d5c7371727420327d7b5c737172747b322b34655e787d2b5c7371727420327d5c7269676874292b4324, 'integral', ''),
(343, 0x245c696e74205c667261637b317d7b5c737172747b34795e322d34792d337d7d5c2c647924, 0x245c667261637b317d7b327d205c6c6e7c2d312b3220792b5c737172747b3420795e322d34792d337d7c2b4324, 'integral', ''),
(344, 0x245c696e742078205c74616e5e3220785c2c647824, 0x242d5c667261637b785e327d7b327d2b5c6c6e7c5c636f732878297c2b78205c74616e2878292b4324, 'integral', ''),
(345, 0x245c696e745f7b2d317d5e3120785e37205c73656320785c2c647824, 0x243024, 'integral', ''),
(346, 0x245c696e74205c667261637b31367d7b28342b785e32295e327d205c2c20647824, 0x243136205c6c656674285c667261637b787d7b38205c6c65667428342b785e325c7269676874297d2b5c667261637b317d7b31367d205c61726374616e5c6c656674285c667261637b787d7b327d5c7269676874295c7269676874292b4324, 'integral', ''),
(347, 0x245c696e74205c6373635e332078205c636f74207820647824, 0x242d5c667261637b317d7b337d205c6373635e33202878292b4324, 'integral', ''),
(348, 0x245c696e74205c667261637b317d7b5c737172747b782b317d2b5c7371727420787d5c2c647824, 0x245c667261637b327d7b337d205c6c656674282d785e7b332f327d2b28312b78295e7b332f327d5c7269676874292b4324, 'integral', ''),
(349, 0x245c696e745f315e7b655e7b5c70692f327d7d205c73696e20285c6c6e2028785e3329295c2c647824, 0x245c667261637b317d7b31307d205c6c65667428332d655e7b5c7069202f327d5c72696768742924, 'integral', ''),
(350, 0x245c696e74205c667261637b5c636f732833205c74616e2078295c73656320787d7b5c636f7320787d5c2c647824, 0x245c667261637b317d7b337d205c73696e2833205c74616e287829292b4324, 'integral', ''),
(352, 0x245c696e742078205c73696e2078205c636f7320785c2c647824, 0x242d5c667261637b317d7b347d2078205c636f7328322078292b5c667261637b317d7b387d205c73696e28322078292b4324, 'integral', ''),
(353, 0x245c696e74205c667261637b317d7b785c737172747b34782b317d7d5c2c647824, 0x245c6c6e5c6c6566747c2d312b5c737172747b312b3420787d5c72696768747c2d5c6c6e5c6c6566747c312b5c737172747b312b3420787d5c72696768747c2b4324, 'integral', ''),
(354, 0x245c696e74205c667261637b655e787d7b28655e782d322928655e7b32787d2b31297d205c2c647824, 0x242d5c667261637b327d7b357d205c61726374616e28655e78292b5c667261637b317d7b357d205c6c6e5c6c6566747c2d322b655e785c72696768747c2d5c667261637b317d7b31307d205c6c6e5c6c65667428312b655e7b3220787d5c7269676874292b4324, 'integral', ''),
(355, 0x245c696e74205c667261637b785e332b785e322b32782b317d7b785e342b33785e322b327d5c2c647824, 0x245c667261637b5c61726374616e5c6c656674285c667261637b787d7b5c737172747b327d7d5c7269676874297d7b5c737172747b327d7d2b5c667261637b317d7b327d205c6c6e5c6c6566747c312b785e325c72696768747c2b4324, 'integral', ''),
(356, 0x245c696e745f7b2d5c696e6674797d5e5c696e66747920785e335c2c647824, 0x4469766572676573, 'integral', ''),
(357, 0x245c696e745f7b2d5c696e6674797d5e3120655e7b33787d5c2c647824, 0x245c667261637b317d7b337d655e3324, 'integral', ''),
(358, 0x245c696e745f315e5c696e667479205c667261637b64787d7b5c737172747b787d7d24, 0x4469766572676573, 'integral', ''),
(359, 0x245c696e745f655e5c696e667479205c667261637b317d7b78285c6c6e2078295e337d5c2c647824, 0x245c667261637b317d7b327d24, 'integral', ''),
(360, 0x245c696e745f7b2d5c696e6674797d5e5c696e667479205c667261637b787d7b312b785e327d5c2c647824, 0x4469766572676573, 'integral', ''),
(361, 0x245c696e745f305e33205c667261637b64787d7b785e322d36782b357d24, 0x4469766572676573, 'integral', ''),
(362, 0x245c696e745f305e3220785e32205c6c6e20785c2c647824, 0x245c667261637b387d7b337d5c6c6e2832292d5c667261637b387d7b397d24, 'integral', ''),
(363, 0x245c696e745f305e31205c667261637b317d7b34782d317d5c2c647824, 0x4469766572676573, 'integral', ''),
(364, 0x245c696e745f305e31205c667261637b64787d7b5c737172747b312d785e327d7d24, 0x245c667261637b5c70697d7b327d24, 'integral', ''),
(365, 0x245c696e745f7b2d5c696e6674797d5e5c696e667479205c636f735e322078205c2c647824, 0x4469766572676573, 'integral', ''),
(366, 0x245c696e745f365e38205c6672616320347b28782d36295e337d5c2c647824, 0x4469766572676573, 'integral', ''),
(367, 0x245c696e745f305e5c696e66747920785c6c6e20785c2c647824, 0x4469766572676573, 'integral', ''),
(368, 0x245c696e745f315e5c696e66747920655e7b2d5c7371727420787d5c2c647824, 0x245c667261637b347d7b657d24, 'integral', ''),
(369, 0x245c696e745f7b2d327d5e33205c667261637b317d7b785e347d5c2c647824, 0x4469766572676573, 'integral', ''),
(370, 0x245c696e745f7b2d327d5e33205c667261637b317d7b785e7b312f337d7d5c2c647824, 0x245c667261637b337d7b327d28335e7b322f337d2d325e7b322f337d2924, 'integral', ''),
(371, 0x245c696e745f7b2d5c696e6674797d5e5c696e667479205c667261637b655e7b2d787d7d7b312d655e7b2d32787d7d5c2c647824, 0x4469766572676573, 'integral', ''),
(372, 0x245c696e745f305e5c696e667479205c667261637b787d7b785e332b317d5c2c647824, 0x436f6e766572676573, 'improper integral', ''),
(373, 0x245c696e745f7b2d5c696e6674797d5e7b2d327d205c667261637b317d7b782b317d5c2c647824, 0x4469766572676573, 'improper integral', ''),
(374, 0x245c696e745f305e31205c667261637b5c7365635e3220787d7b785c7371727420787d5c2c647824, 0x436f6e766572676573, 'improper integral', ''),
(375, 0x245c696e745f7b317d5e5c696e66747920655e7b2d785e327d5c2c647824, 0x436f6e766572676573, 'improper integral', ''),
(376, 0x245c696e745f7b317d5e5c696e6674792078655e7b2d785e347d5c2c647824, 0x436f6e766572676573, 'improper integral', ''),
(377, 0x245c696e745f305e5c696e667479205c667261637b5c61726374616e20787d7b322b655e787d5c2c647824, 0x436f6e766572676573, 'improper integral', ''),
(378, 0x245c696e745f315e5c696e667479205c667261637b5c73696e5e3620787d7b785e357d5c2c647824, 0x436f6e766572676573, 'improper integral', ''),
(379, 0x245c696e745f315e5c696e667479205c667261637b782b317d7b5c737172747b785e342d787d7d5c2c647824, 0x4469766572676573, 'improper integral', ''),
(380, 0x466f722077686963682076616c756573206f662024702420697320245c696e745f305e31205c667261637b317d7b785e707d5c2c64782420636f6e76657267656e743f, 0x24703c3124, 'solo', ''),
(381, 0x466f722077686963682076616c756573206f662024702420697320245c696e745f305e5c696e667479205c667261637b317d7b785e707d5c2c64782420636f6e76657267656e743f, 0x4e6f6e65, 'solo', ''),
(382, 0x24793d785e7b332f327d242c2024305c6c65712078205c6c65712031242e, 0x2428312f3237292831335e7b332f327d2d382924, 'arclength', ''),
(383, 0x24783d5c667261637b795e347d7b387d2b5c667261637b317d7b34795e327d242c2024315c6c65712079205c6c65712032242e, 0x322d28312f31323829, 'arclength', ''),
(384, 0x245c7365632078203d20655e7924206265747765656e202428302c30292420616e642024285c70692f342c5c6c6e285c7371727420322929242e, 0x245c6c6e285c737172742032202b312924, 'arclength', ''),
(385, 0x24785e323d312d655e7924206265747765656e202428302c30292420616e64202428312f322c205c6c6e28332f342929242e, 0x245c6c6e332d312f3224, 'arclength', ''),
(386, 0x24793d5c667261637b785e362b387d7b3136785e327d242c2024325c6c65712078205c6c65712033242e, 0x24382b28322f372928335e372d325e372924, 'arclength', ''),
(387, 0x24323478793d795e342b3438242c2024325c6c65712079205c6c65712034242e, 0x2439362b28332f352928345e352d325e352924, 'arclength', ''),
(388, 0x245b5b665d5d3d5c667261637b317d7b785e372d785e337d24, 0x245c667261637b417d7b787d2b5c667261637b427d7b785e327d2b5c667261637b437d7b785e337d2b5c667261637b447d7b782d317d2b5c667261637b457d7b782b317d2b5c667261637b46782b477d7b785e322b317d24, 'partial fraction decomp', ''),
(389, 0x245b5b665d5d3d5c667261637b317d7b28785e322d342928785e322b392928782d33295e327d24, 0x245c667261637b417d7b782d327d2b5c667261637b427d7b782b327d2b5c667261637b43782b447d7b785e322b397d2b5c667261637b447d7b782d337d2b5c667261637b457d7b28782d33295e327d24, 'partial fraction decomp', ''),
(390, 0x245b5b665d5d3d5c667261637b32785e372b323030387d7b28782b34295e332832782d312928785e322b31295e327d24, 0x245c667261637b417d7b782b347d2b5c667261637b427d7b28782b34295e327d2b5c667261637b437d7b28782b34295e337d2b5c667261637b447d7b32782d317d2b5c667261637b45782b467d7b785e322b317d2b5c667261637b45782b467d7b28785e322b31295e327d24, 'partial fraction decomp', ''),
(391, 0x245b5b665d5d3d5c667261637b317d7b28785e332d785e322d3278295e3328785e342d3136295e327d24, 0x245c667261637b417d7b787d2b5c667261637b427d7b785e327d2b5c667261637b437d7b785e337d2b5c667261637b447d7b782b317d2b5c667261637b457d7b28782b31295e327d2b5c667261637b467d7b28782b31295e337d2b5c667261637b47782b487d7b785e322b347d2b5c667261637b49782b4a7d7b28785e322b34295e327d2b5c667261637b4b7d7b782d327d2b5c667261637b4c7d7b28782d32295e327d2b5c667261637b4d7d7b28782d32295e337d2b5c667261637b4e7d7b28782d32295e347d2b5c667261637b4f7d7b28782d32295e357d2b5c667261637b507d7b782b327d2b5c667261637b517d7b28782b32295e327d24, 'partial fraction decomp', ''),
(392, 0x24793d785e33242c2024305c6c65712078205c6c65712032242061626f757420746865202478242d617869732e, 0x245c667261637b5c70697d7b32377d283134355c737172747b3134357d2d312924, 'surface area', ''),
(393, 0x24783d312b32795e32242c2024315c6c65712079205c6c65712032242061626f757420746865202478242d617869732e, 0x245c667261637b5c70697d7b32347d2836355c737172747b36357d2d31375c737172747b31377d2924, 'surface area', ''),
(394, 0x24793d312d785e32242c2024305c6c65712078205c6c65712031242061626f757420746865202479242d617869732e, 0x245c667261637b5c70697d7b367d28355c737172747b357d2d312924, 'surface area', ''),
(395, 0x24783d5c737172747b31362d795e327d242c2024305c6c65712079205c6c65712032242061626f757420746865202479242d617869732e, 0x2431365c706924, 'surface area', ''),
(396, 0x24793d5c667261637b785e337d7b367d2b5c667261637b317d7b32787d242c20245c667261637b317d7b327d5c6c65712078205c6c65712031242061626f757420746865202478242d617869732e, 0x245c667261637b3236337d7b3235367d5c706924, 'surface area', ''),
(397, 0x24793d5c667261637b317d7b347d785e322d5c667261637b317d7b327d5c6c6e2078242c2024315c6c65712078205c6c65712032242061626f757420746865202479242d617869732e, 0x245c667261637b31307d7b337d5c706924, 'surface area', ''),
(398, 0x245c6c6566745c7b20205c667261637b322b345c7069206e202b206e5e337d7b312b6e5e322d376e5e337d20205c72696768745c7d24, 0x242d312f3724, 'sequence-conv-div', ''),
(399, 0x245c6c6566745c7b20205c667261637b335e7b326e2b317d7d7b31305e7b6e2d337d7d20205c72696768745c7d24, 0x30, 'sequence-conv-div', ''),
(400, 0x245c6c6566745c7b20205c667261637b312b282d31295e6e7d7b6e7d20205c72696768745c7d5f7b6e3d317d5e5c696e66747924, 0x30, 'sequence-conv-div', ''),
(401, 0x245c6c6566745c7b2020282d31295e6e5c6c656674285c667261637b6e5e322b347d7b326e5e322d377d5c72696768742920205c72696768745c7d5f7b6e3d317d5e5c696e66747924, 0x446976, 'sequence-conv-div', ''),
(402, 0x245c6c6566745c7b20205c667261637b317d7b327d2c5c667261637b337d7b347d2c5c6672616335362c5c6672616337382c5c646f747320205c72696768745c7d24, 0x31, 'sequence-conv-div', ''),
(403, 0x245c6c6566745c7b2020655e7b2d317d2c2034655e7b2d327d2c2039655e7b2d337d2c203136655e7b2d347d2c5c646f747320205c72696768745c7d24, 0x30, 'sequence-conv-div', ''),
(404, 0x245c6c6566745c7b20205c6c6e28322f6e5e322920205c72696768745c7d5f7b6e3d31347d5e5c696e66747924, 0x446976, 'sequence-conv-div', ''),
(405, 0x24205c6c6566745c7b5c667261637b6e325e6e7d7b6e217d5c72696768745c7d24, 0x30, 'sequence-conv-div', ''),
(406, 0x245c6c6566745c7b20205c6c6e205c6c656674285c667261637b6e5e327d7b655e6e7d5c72696768742920205c72696768745c7d24, 0x446976, 'sequence-conv-div', ''),
(407, 0x245c6c6566745c7b20205c667261637b6e217d7b325e6e7d20205c72696768745c7d24, 0x446976, 'sequence-conv-div', ''),
(408, 0x245c6c6566745c7b20205c6c65667428312d5c667261637b327d7b6e7d5c7269676874295e6e20205c72696768745c7d24, 0x24655e7b2d327d24, 'sequence-conv-div', ''),
(409, 0x245c6c6566745c7b20205c667261637b6b5e6e7d7b6e217d20205c72696768745c7d2420666f7220736f6d6520246b242e, 0x30, 'sequence-conv-div', ''),
(410, 0x245c6c6566745c7b20205c667261637b3130306e5e322b32205c746578747b2062696c6c696f6e2067616a696c6c696f6e7d7d7b326e5e332d377d20205c72696768745c7d24, 0x30, 'sequence-conv-div', ''),
(411, 0x245c6c6566745c7b20205c74616e2028322f6e2920205c72696768745c7d24, 0x30, 'sequence-conv-div', ''),
(412, 0x24205c6c6566745c7b5c6672616332322c5c6672616338362c5c667261637b32347d7b32347d2c5c667261637b36347d7b3132307d2c5c667261637b3136307d7b3732307d2c5c646f74735c72696768745c7d24, 0x30, 'sequence-conv-div', ''),
(413, 0x245c6c6566745c7b20205c667261637b5c6c6e206e7d7b6e7d20205c72696768745c7d24, 0x30, 'sequence-conv-div', ''),
(414, 0x24205c6c6566745c7b5c667261637b317d7b36347d2c5c667261637b327d7b39367d2c5c667261637b337d7b3132387d2c5c646f74735c72696768745c7d24, 0x24312f333224, 'sequence-conv-div', ''),
(415, 0x245c6c6566745c7b20205c667261637b5c6c6e206e7d7b6e217d20205c72696768745c7d24, 0x30, 'sequence-conv-div', ''),
(416, 0x245c6c6566745c7b20205c667261637b352b6e7d7b6e7d2b282d31295e6e205c73696e286e5c70692920205c72696768745c7d24, 0x31, 'sequence-conv-div', ''),
(417, 0x245c6c6566745c7b20205c667261637b352b6e7d7b6e7d2b282d31295e6e205c636f73286e5c70692920205c72696768745c7d24, 0x32, 'sequence-conv-div', ''),
(418, 0x245c6c6566745c7b20205c636f73285c7069206e2f322920205c72696768745c7d24, 0x446976, 'sequence-conv-div', ''),
(419, 0x245c6c6566745c7b205c667261637b655e7b5c667261637b6e2b317d7b6e7d7d2d32655e7b5c66726163317b6e2b327d7d7d7b655e7b5c667261637b6e5e322b366e2b327d7b6e5e322b326e7d7d7d5c72696768745c7d24, 0x24312d5c667261637b327d7b657d24, 'sequence-conv-div', ''),
(420, 0x245c6c6566745c7b20205c667261637b327d7b352b317d2c205c667261637b327d7b352b5c667261637b327d7b352b317d7d2c205c667261637b327d7b352b5c667261637b327d7b352b5c667261637b327d7b352b317d7d7d2c5c646f747320205c72696768745c7d24, 0x245c667261637b2d352b5c737172747b33337d7d3224, 'sequence-conv-div', ''),
(421, 0x546865205369657270696e736b692063617270657420697320636f6e737472756374656420696e2074686520666f6c6c6f77696e67207761792e20596f7520626567696e2077697468206120737175617265206f662066616272696320776974682073696465206c656e67746820312e20596f75207468656e2072656d6f7665207468652063656e7465722024312f3924206f6620796f7572206661627269632e2046726f6d207468652072656d61696e696e67203820737175617265732c20796f752072656d6f76652074686569722063656e7465727320696e207468652073616d652066617368696f6e202873656520746865206669677572652062656c6f77292e20526570656174696e6720746869732070726f6365737320666f72657665722c20796f7520656e642075702067657474696e672061206361727065742074686174206c6f6f6b73206c696b65206120736b656c65746f6e206f662069747320666f726d65722073656c662e2053686f7720746861742074686520617265612072656d6f7665642066726f6d20746865206361727065742069732061637475616c6c7920657175616c20746f20312c20676976696e672075732074686174207468652072656d61696e696e67206361727065742061637475616c6c7920686173206172656120302e205b5b494d4147455d5d, 0x54686520616e7377657220697320676976656e20696e207468652070726f626c656d2e, 'solo', ''),
(422, 0x245c73756d5f7b6e3d317d5e5c696e667479205c667261637b317d7b6e2b335e6e7d24, 0x436f6e, 'series-con-div', ''),
(423, 0x245c73756d5f7b6e3d317d5e5c696e66747920282d31295e6e5c667261637b5c73696e20285c7069206e297d7b5c61726374616e7b6e7d7d24, 0x30, 'series-con-div', ''),
(424, 0x245c73756d5f7b6e3d317d5e5c696e667479206e5e33655e7b2d6e7d24, 0x436f6e, 'series-con-div', ''),
(425, 0x245c73756d5f7b6e3d317d5e5c696e66747920655e7b2d6e7d5c73696e206e24, 0x436f6e, 'series-con-div', ''),
(426, 0x245c73756d5f7b6e3d317d5e5c696e667479205c6c656674285c6c6e28326e292d5c6c6e28326e2b32295c72696768742924, 0x446976, 'series-con-div', ''),
(427, 0x245c73756d5f7b6e3d317d5e5c696e667479205c667261637b317d7b6e5e327d2d5c667261637b317d7b6e7d24, 0x446976, 'series-con-div', ''),
(428, 0x245c73756d5f7b6e3d317d5e5c696e66747920285c737172745b6e5d7b347d2d31295e6e24, 0x436f6e, 'series-con-div', ''),
(429, 0x245c73756d5f7b6e3d317d5e5c696e667479205c667261637b332d5c636f73206e7d7b6e5e7b322f337d2d327d24, 0x446976, 'series-con-div', ''),
(430, 0x245c73756d5f7b6e3d317d5e5c696e667479205c667261637b335e7b6e2b327d7d7b325e7b326e2d317d7d24, 0x3534, 'series-con-div', ''),
(431, 0x245c73756d5f7b6e3d317d5e5c696e66747920282d31295e6e285c737172745b6e5d7b347d2d312924, 0x436f6e, 'series-con-div', ''),
(432, 0x245c73756d5f7b6e3d317d5e5c696e667479205c667261637b282d33295e6e7d7b6e217d24, 0x436f6e, 'series-con-div', ''),
(433, 0x245c73756d5f7b6e3d317d5e5c696e667479205c667261637b6e217d7b325c63646f742035205c63646f742038205c63646f74205c646f7473205c63646f742028336e2b32297d24, 0x436f6e, 'series-con-div', ''),
(434, 0x245c73756d5f7b6e3d317d5e5c696e667479205c66726163317b6e5c737172747b5c6c6e2028326e297d7d24, 0x446976, 'series-con-div', ''),
(435, 0x245c73756d5f7b6e3d317d5e5c696e667479205c667261637b282d33295e7b326e7d7d7b6e5e6e7d24, 0x436f6e, 'series-con-div', ''),
(436, 0x245c73756d5f7b6e3d317d5e5c696e667479205c667261637b282d33295e7b6b6e7d7d7b6e5e6e7d2420666f7220736f6d6520246b242e, 0x436f6e, 'series-con-div', ''),
(437, 0x245c73756d5f7b6e3d327d5e5c696e667479205c667261637b317d7b285c6c6e206e295e7b5c6c6e206e7d7d24, 0x436f6e, 'series-con-div', ''),
(438, 0x245c73756d5f7b6e3d317d5e5c696e667479205c667261637b6e217d7b655e7b6e5e327d7d24, 0x436f6e, 'series-con-div', ''),
(439, 0x245c73756d5f7b6e3d317d5e5c696e667479205c667261637b655e7b312f6e7d7d7b6e5e327d24, 0x436f6e, 'series-con-div', ''),
(440, 0x245c73756d5f7b6e3d317d5e5c696e667479205c667261637b5c61726374616e285c636f7328655e7b345c73696e206e7d29297d7b6e5e6e7d24, 0x436f6e, 'series-con-div', ''),
(441, 0x245c73756d5f7b6e3d317d5e5c696e667479205c667261637b5c636f73285c7069206e297d7b6e7d24, 0x436f6e, 'series-con-div', ''),
(442, 0x245c73756d5f7b6e3d317d5e5c696e667479205c667261637b5c636f73285c7069206e2f32297d7b6e5e327d24, 0x436f6e, 'series-con-div', ''),
(443, 0x245c73756d5f7b6e3d317d5e5c696e667479206e5c73696e28312f6e2924, 0x446976, 'series-con-div', ''),
(444, 0x245c73756d5f7b6e3d317d5e5c696e667479205c6c65667428312b5c667261637b317d7b6e7d5c7269676874295e7b6e5e327d24, 0x446976, 'series-con-div', ''),
(445, 0x245c73756d5f7b6e3d317d5e5c696e667479205c667261637b5c737172747b6e5e322d317d7d7b28326e2d31295e32286e2b35297d24, 0x436f6e, 'series-con-div', ''),
(446, 0x245c73756d5f7b6e3d317d5e5c696e667479205c667261637b327d7b6e5e322b326e7d24, 0x24332f3224, 'series-con-div', ''),
(447, 0x245c73756d5f7b6e3d337d5e5c696e667479205c667261637b325e7b336e7d7d7b313630305e7b5c667261637b6e2b357d7b327d7d7d24, 0x24312e3032345c74696d65732031305e7b2d31307d24, 'series-con-div', ''),
(448, 0x245c73756d5f7b6e3d317d5e5c696e667479205c667261637b6e5e327d7b325e6e7d24, 0x416273, 'absolute conditional conv', ''),
(449, 0x245c73756d5f7b6e3d317d5e5c696e667479205c636f73285c7069206e29205c6c656674285c667261637b317d7b322b6e7d5c72696768742924, 0x436f6e64, 'absolute conditional conv', ''),
(450, 0x245c73756d5f7b6e3d317d5e5c696e667479205c667261637b6e5e6e7d7b335e7b312b336e7d7d24, 0x446976, 'absolute conditional conv', ''),
(451, 0x245c73756d5f7b6e3d317d5e5c696e667479205c667261637b282d31295e6e7d7b6e205c6c6e2028326e297d24, 0x436f6e64, 'absolute conditional conv', ''),
(452, 0x245c73756d5f7b6e3d327d5e5c696e667479205c6c656674285c667261637b5c61726374616e206e7d7b5c6c6e206e7d5c7269676874295e6e24, 0x416273, 'absolute conditional conv', ''),
(453, 0x245c73756d5f7b6e3d317d5e5c696e66747920282d31295e7b6e5e327d7b285c61726374616e206e295e6e7d24, 0x446976, 'absolute conditional conv', ''),
(454, 0x245c73756d5f7b6e3d317d5e5c696e667479205c667261637b282d31295e7b6e5e357d7d7b285c6c6e206e295e7b6e7d7d24, 0x416273, 'absolute conditional conv', ''),
(455, 0x245c73756d5f7b6e3d317d5e5c696e667479205c667261637b282d31295e6e7d7b6e5e7b5c6c6e206e7d7d24, 0x416273, 'absolute conditional conv', ''),
(456, 0x245c73756d5f7b6e3d317d5e5c696e667479205c6c656674285c667261637b6e7d7b6e2b317d5c7269676874295e7b6e5e327d24, 0x446976, 'absolute conditional conv', ''),
(457, 0x496620245c73756d5f7b6e3d317d5e5c696e66747920615f6e3d322420776974682024615f6e5c6e65712030242c207468656e20245c73756d5f7b6e3d317d5e5c696e667479205c66726163317b615f6e7d3d312f32242e20, 0x46, 'true false', ''),
(458, 0x496620245c73756d5f7b6e3d317d5e5c696e66747920615f6e2420636f6e76657267657320616e6420245c73756d5f7b6e3d317d5e5c696e66747920625f6e242064697665726765732c207468656e20245c73756d5f7b6e3d317d5e5c696e6674792028615f6e2b625f6e29242064697665726765732e, 0x54, 'true false', ''),
(459, 0x496620245c73756d5f7b6e3d317d5e5c696e66747920615f6e2420616e6420245c73756d5f7b6e3d317d5e5c696e66747920625f6e2420646976657267652c207468656e20245c73756d5f7b6e3d317d5e5c696e6674792028615f6e2b625f6e29242064697665726765732e, 0x46, 'true false', ''),
(460, 0x5468652073657175656e636520245c6c6566745c7b5c667261637b725e6e7d7b6e7d5c72696768745c7d2420636f6e766572676573206f6e6c79207768656e20247c727c3c31242e, 0x46, 'true false', ''),
(461, 0x496620245c73756d5f7b6e3d317d5e5c696e66747920615f6e2420616e6420245c73756d5f7b6e3d317d5e5c696e66747920625f6e2420636f6e76657267652c207468656e20245c73756d5f7b6e3d317d5e5c696e66747920615f6e625f6e2420636f6e7665726765732e, 0x46, 'true false', ''),
(462, 0x496620245c73756d5f7b6e3d317d5e5c696e66747920615f6e242064697665726765732c207468656e20245c73756d5f7b6e3d317d5e5c696e667479207c615f6e7c242064697665726765732e, 0x54, 'true false', ''),
(463, 0x496620245c6c6566745c7b365e6e615f6e5c72696768745c7d2420636f6e76657267657320746f202430242c207468656e20245c6c6566745c7b282d32295e6e615f6e5c72696768745c7d2420636f6e76657267657320746f202430242e, 0x54, 'true false', ''),
(464, 0x49662024305c6c657120615f6e5c6c657120625f6e2420616e6420245c73756d5f7b6e3d317d5e5c696e66747920625f6e242064697665726765732c207468656e20245c73756d5f7b6e3d317d5e5c696e66747920615f6e242064697665726765732e, 0x46, 'true false', ''),
(465, 0x496620245c73756d5f7b6e3d317d5e5c696e66747920615f6e2420616e6420245c73756d5f7b6e3d317d5e5c696e66747920625f6e2420646976657267652c207468656e20245c73756d5f7b6e3d317d5e5c696e66747920615f6e625f6e242064697665726765732e, 0x46, 'true false', ''),
(466, 0x496620245c73756d5f7b6e3d317d5e5c696e66747920615f6e2420636f6e76657267657320616e6420245c73756d5f7b6e3d317d5e5c696e66747920625f6e242064697665726765732c207468656e20245c73756d5f7b6e3d317d5e5c696e66747920615f6e625f6e242064697665726765732e, 0x46, 'true false', ''),
(467, 0x496620245c73756d5f7b6e3d317d5e5c696e66747920615f6e2420636f6e76657267657320776974682024615f6e5c6e65712030242c207468656e20245c73756d5f7b6e3d317d5e5c696e667479205c66726163317b615f6e7d242064697665726765732e20, 0x54, 'true false', ''),
(468, 0x49662024615f6e3e302420616e642024205c6c696d5f7b6e5c746f205c696e6674797d6e615f6e205c6e65712030242c207468656e20245c73756d5f7b6e3d317d5e5c696e66747920615f6e242064697665726765732e, 0x54, 'true false', ''),
(469, 0x496620245c73756d5f7b6e3d317d5e5c696e66747920615f6e2420636f6e7665726765732c207468656e20245c73756d5f7b6e3d317d5e5c696e6674792028615f6e295e322420636f6e7665726765732e, 0x46, 'true false', '');

-- --------------------------------------------------------

--
-- Table structure for table `probtags`
--

CREATE TABLE IF NOT EXISTS `probtags` (
  `uid` int(11) NOT NULL auto_increment,
  `probid` int(11) NOT NULL,
  `tagid` int(11) NOT NULL,
  PRIMARY KEY  (`uid`),
  UNIQUE KEY `probid` (`probid`,`tagid`)
) ENGINE=MyISAM  DEFAULT CHARSET=utf8 COLLATE=utf8_bin AUTO_INCREMENT=998 ;

--
-- Dumping data for table `probtags`
--

INSERT INTO `probtags` (`uid`, `probid`, `tagid`) VALUES
(194, 147, 12),
(552, 34, 1),
(619, 39, 3),
(618, 39, 1),
(419, 36, 1),
(9, 35, 1),
(10, 35, 3),
(18, 32, 1),
(294, 33, 3),
(293, 33, 1),
(291, 31, 3),
(290, 31, 1),
(207, 145, 12),
(19, 30, 3),
(20, 30, 1),
(190, 42, 3),
(193, 1, 1),
(24, 40, 1),
(25, 40, 3),
(26, 41, 1),
(27, 41, 3),
(28, 43, 1),
(29, 43, 3),
(197, 72, 2),
(593, 206, 2),
(497, 205, 93),
(553, 34, 3),
(499, 207, 93),
(501, 208, 93),
(503, 217, 93),
(505, 216, 93),
(508, 215, 2),
(511, 214, 93),
(517, 213, 2),
(516, 212, 93),
(520, 211, 93),
(522, 210, 93),
(524, 209, 93),
(595, 89, 4),
(59, 90, 4),
(60, 90, 5),
(61, 91, 4),
(62, 91, 6),
(570, 92, 67),
(569, 92, 7),
(65, 93, 4),
(66, 93, 7),
(67, 94, 4),
(68, 94, 9),
(69, 95, 4),
(70, 95, 9),
(71, 95, 5),
(72, 96, 4),
(73, 96, 7),
(74, 96, 5),
(75, 97, 4),
(76, 97, 7),
(77, 98, 4),
(78, 98, 7),
(79, 98, 5),
(80, 98, 6),
(81, 99, 4),
(82, 99, 7),
(83, 100, 4),
(84, 100, 9),
(85, 101, 4),
(86, 101, 8),
(549, 102, 9),
(545, 102, 4),
(548, 102, 7),
(547, 102, 6),
(546, 102, 5),
(92, 103, 4),
(93, 103, 8),
(94, 104, 4),
(95, 104, 8),
(96, 105, 4),
(97, 105, 8),
(98, 105, 9),
(99, 105, 7),
(100, 197, 4),
(101, 197, 7),
(616, 198, 68),
(615, 198, 7),
(614, 198, 4),
(105, 101, 67),
(568, 92, 4),
(107, 97, 67),
(108, 199, 4),
(109, 199, 7),
(110, 199, 68),
(111, 199, 6),
(112, 200, 4),
(113, 200, 5),
(114, 200, 7),
(115, 200, 68),
(116, 201, 4),
(117, 201, 9),
(118, 201, 68),
(119, 202, 4),
(120, 202, 7),
(121, 202, 9),
(122, 202, 68),
(626, 203, 68),
(625, 203, 5),
(624, 203, 4),
(126, 204, 4),
(127, 204, 5),
(128, 204, 6),
(129, 204, 68),
(189, 42, 1),
(423, 135, 15),
(132, 136, 15),
(133, 137, 15),
(134, 138, 15),
(135, 139, 15),
(137, 140, 15),
(138, 141, 15),
(140, 142, 15),
(141, 143, 15),
(142, 150, 69),
(420, 151, 69),
(144, 152, 69),
(145, 153, 69),
(146, 154, 69),
(151, 174, 17),
(601, 173, 17),
(152, 164, 17),
(153, 165, 17),
(154, 166, 17),
(155, 167, 17),
(156, 168, 17),
(157, 169, 17),
(158, 170, 17),
(159, 171, 17),
(160, 172, 17),
(161, 175, 17),
(162, 176, 17),
(163, 177, 17),
(203, 178, 17),
(165, 179, 17),
(166, 180, 17),
(167, 181, 17),
(168, 182, 17),
(169, 155, 69),
(184, 38, 1),
(208, 144, 12),
(209, 148, 12),
(210, 149, 12),
(515, 212, 68),
(214, 118, 15),
(215, 117, 15),
(216, 116, 15),
(217, 115, 15),
(218, 114, 15),
(219, 113, 15),
(220, 119, 15),
(221, 156, 69),
(222, 157, 69),
(452, 158, 80),
(224, 159, 80),
(225, 160, 80),
(226, 161, 80),
(227, 162, 80),
(236, 183, 12),
(238, 184, 12),
(230, 185, 81),
(231, 186, 81),
(232, 187, 81),
(233, 188, 81),
(234, 189, 81),
(235, 190, 81),
(237, 183, 4),
(239, 184, 4),
(240, 183, 81),
(241, 184, 81),
(242, 185, 69),
(243, 186, 69),
(244, 188, 69),
(245, 190, 2),
(246, 185, 19),
(247, 186, 18),
(248, 187, 15),
(249, 189, 12),
(590, 238, 82),
(592, 238, 84),
(591, 238, 83),
(256, 239, 82),
(257, 239, 83),
(258, 239, 84),
(259, 240, 82),
(260, 240, 83),
(261, 240, 84),
(262, 241, 82),
(263, 241, 83),
(264, 241, 84),
(598, 242, 84),
(597, 242, 83),
(596, 242, 82),
(268, 243, 82),
(269, 243, 83),
(270, 243, 84),
(426, 244, 84),
(425, 244, 83),
(424, 244, 82),
(433, 245, 82),
(434, 245, 83),
(435, 245, 84),
(448, 246, 82),
(449, 246, 83),
(450, 246, 84),
(280, 247, 82),
(281, 247, 83),
(282, 247, 84),
(288, 248, 84),
(287, 248, 83),
(286, 248, 82),
(289, 248, 68),
(292, 31, 67),
(295, 33, 67),
(296, 218, 20),
(297, 219, 20),
(298, 220, 20),
(299, 221, 20),
(300, 222, 20),
(301, 223, 20),
(302, 224, 20),
(551, 225, 20),
(304, 226, 20),
(305, 227, 20),
(555, 191, 85),
(554, 191, 22),
(308, 192, 22),
(309, 192, 85),
(310, 193, 22),
(311, 193, 85),
(312, 194, 22),
(313, 194, 85),
(314, 195, 22),
(315, 195, 85),
(316, 196, 22),
(317, 196, 85),
(320, 75, 2),
(321, 76, 2),
(322, 77, 2),
(323, 78, 2),
(324, 79, 2),
(327, 82, 2),
(544, 146, 12),
(332, 87, 2),
(333, 88, 2),
(526, 73, 93),
(528, 74, 93),
(530, 80, 93),
(566, 81, 2),
(534, 83, 93),
(536, 84, 93),
(538, 85, 93),
(540, 86, 93),
(342, 77, 11),
(343, 87, 11),
(344, 88, 11),
(345, 228, 26),
(346, 229, 26),
(347, 230, 26),
(348, 231, 26),
(349, 232, 26),
(350, 233, 26),
(351, 234, 26),
(352, 235, 26),
(353, 236, 26),
(408, 249, 26),
(355, 250, 26),
(356, 251, 26),
(996, 252, 38),
(358, 253, 26),
(360, 255, 26),
(361, 256, 26),
(969, 374, 106),
(363, 258, 26),
(364, 259, 26),
(365, 260, 26),
(366, 261, 26),
(367, 262, 26),
(621, 263, 86),
(623, 264, 38),
(990, 265, 38),
(371, 266, 26),
(372, 267, 26),
(373, 268, 26),
(406, 269, 26),
(975, 378, 106),
(404, 271, 86),
(377, 272, 26),
(984, 273, 38),
(379, 274, 26),
(600, 276, 29),
(382, 229, 68),
(995, 252, 26),
(384, 250, 86),
(385, 251, 86),
(386, 255, 86),
(387, 256, 86),
(966, 347, 106),
(389, 258, 86),
(390, 259, 86),
(391, 260, 86),
(392, 261, 86),
(393, 262, 86),
(620, 263, 26),
(395, 267, 86),
(972, 377, 106),
(599, 276, 26),
(398, 272, 38),
(983, 273, 26),
(400, 274, 38),
(403, 271, 26),
(405, 271, 40),
(407, 269, 86),
(409, 249, 86),
(410, 253, 38),
(622, 264, 26),
(989, 265, 26),
(414, 266, 38),
(415, 268, 38),
(418, 37, 1),
(594, 206, 93),
(496, 205, 2),
(498, 207, 2),
(500, 208, 2),
(502, 217, 2),
(504, 216, 2),
(509, 215, 93),
(510, 214, 2),
(518, 213, 93),
(514, 212, 2),
(519, 211, 2),
(521, 210, 2),
(523, 209, 2),
(525, 73, 2),
(527, 74, 2),
(529, 80, 2),
(567, 81, 93),
(533, 83, 2),
(535, 84, 2),
(537, 85, 2),
(539, 86, 2),
(629, 451, 47),
(630, 451, 54),
(631, 450, 47),
(632, 450, 56),
(633, 448, 47),
(634, 448, 56),
(635, 448, 55),
(636, 452, 47),
(637, 452, 56),
(638, 453, 47),
(639, 453, 97),
(640, 456, 47),
(641, 456, 56),
(642, 455, 47),
(643, 455, 52),
(644, 454, 47),
(645, 454, 56),
(646, 449, 47),
(647, 449, 54),
(648, 237, 83),
(649, 384, 98),
(650, 384, 99),
(651, 385, 98),
(652, 385, 99),
(653, 386, 98),
(654, 386, 99),
(655, 387, 98),
(656, 387, 99),
(657, 382, 98),
(658, 382, 99),
(659, 383, 98),
(660, 383, 99),
(665, 376, 29),
(664, 376, 26),
(971, 377, 29),
(970, 377, 26),
(668, 375, 26),
(669, 375, 29),
(968, 374, 29),
(967, 374, 26),
(672, 372, 26),
(673, 372, 29),
(674, 373, 26),
(675, 373, 29),
(676, 379, 26),
(677, 379, 29),
(974, 378, 29),
(973, 378, 26),
(680, 370, 26),
(681, 370, 29),
(769, 371, 29),
(768, 371, 26),
(763, 368, 29),
(762, 368, 26),
(767, 369, 29),
(766, 369, 26),
(688, 339, 26),
(689, 339, 86),
(759, 366, 26),
(760, 366, 29),
(757, 367, 29),
(756, 367, 26),
(696, 333, 26),
(697, 333, 38),
(698, 334, 26),
(699, 334, 100),
(700, 332, 26),
(701, 332, 19),
(702, 330, 26),
(703, 330, 29),
(704, 330, 86),
(708, 331, 38),
(707, 331, 26),
(709, 365, 26),
(710, 365, 29),
(711, 337, 26),
(712, 337, 29),
(713, 337, 38),
(993, 335, 38),
(992, 335, 26),
(716, 336, 26),
(717, 336, 29),
(718, 336, 42),
(719, 338, 26),
(720, 364, 26),
(721, 364, 29),
(965, 347, 86),
(964, 347, 26),
(725, 346, 26),
(726, 346, 100),
(727, 346, 42),
(729, 348, 26),
(730, 348, 86),
(959, 349, 86),
(957, 349, 26),
(958, 349, 38),
(962, 350, 86),
(961, 350, 26),
(736, 345, 26),
(737, 345, 19),
(738, 344, 26),
(739, 344, 38),
(981, 341, 38),
(980, 341, 26),
(742, 342, 26),
(743, 342, 100),
(744, 343, 26),
(745, 343, 100),
(963, 350, 106),
(960, 349, 106),
(748, 352, 26),
(749, 352, 86),
(750, 340, 26),
(751, 340, 86),
(752, 340, 42),
(753, 360, 26),
(754, 360, 29),
(755, 360, 86),
(758, 367, 38),
(761, 366, 86),
(764, 368, 86),
(765, 368, 38),
(770, 371, 86),
(771, 371, 42),
(772, 359, 26),
(773, 359, 29),
(774, 359, 86),
(775, 361, 26),
(776, 361, 29),
(777, 361, 42),
(778, 362, 26),
(779, 362, 29),
(780, 362, 38),
(781, 363, 26),
(782, 363, 29),
(783, 363, 86),
(784, 358, 26),
(785, 358, 29),
(786, 357, 26),
(787, 357, 29),
(795, 353, 26),
(797, 353, 42),
(798, 354, 26),
(796, 353, 86),
(799, 354, 86),
(800, 354, 42),
(801, 355, 26),
(802, 355, 42),
(803, 356, 26),
(804, 356, 29),
(991, 265, 107),
(976, 390, 42),
(977, 391, 42),
(982, 341, 67),
(979, 389, 42),
(985, 273, 107),
(978, 388, 42),
(813, 411, 101),
(814, 412, 101),
(815, 409, 101),
(816, 408, 101),
(817, 413, 101),
(818, 410, 101),
(819, 415, 101),
(820, 419, 101),
(821, 420, 101),
(822, 420, 102),
(823, 418, 101),
(824, 416, 101),
(825, 407, 101),
(826, 414, 101),
(827, 417, 101),
(828, 400, 101),
(829, 398, 101),
(830, 406, 101),
(831, 401, 101),
(832, 399, 101),
(833, 404, 101),
(834, 405, 101),
(835, 403, 101),
(836, 402, 101),
(837, 436, 47),
(838, 436, 56),
(839, 436, 55),
(840, 435, 47),
(841, 435, 56),
(842, 435, 55),
(843, 432, 47),
(844, 432, 56),
(845, 432, 55),
(846, 437, 47),
(847, 437, 52),
(848, 433, 47),
(849, 433, 55),
(850, 434, 47),
(851, 434, 51),
(852, 442, 47),
(853, 442, 103),
(854, 443, 47),
(855, 443, 97),
(856, 444, 47),
(857, 444, 56),
(862, 441, 47),
(863, 441, 54),
(867, 428, 56),
(866, 428, 47),
(868, 428, 55),
(869, 431, 47),
(870, 431, 54),
(871, 430, 47),
(872, 430, 104),
(876, 422, 52),
(875, 422, 47),
(877, 429, 47),
(878, 429, 53),
(879, 426, 47),
(880, 426, 97),
(881, 426, 105),
(882, 423, 47),
(889, 424, 47),
(890, 424, 51),
(891, 424, 56),
(892, 424, 55),
(893, 425, 47),
(894, 425, 104),
(895, 425, 52),
(896, 427, 47),
(897, 427, 103),
(898, 446, 47),
(899, 446, 52),
(900, 447, 47),
(901, 447, 104),
(902, 445, 47),
(903, 445, 53),
(904, 438, 47),
(905, 438, 55),
(909, 440, 52),
(908, 440, 47),
(910, 440, 56),
(911, 439, 47),
(912, 439, 52),
(913, 380, 26),
(914, 380, 29),
(915, 381, 26),
(916, 381, 29),
(917, 421, 47),
(918, 421, 104),
(919, 393, 45),
(920, 393, 99),
(921, 395, 45),
(922, 395, 99),
(923, 396, 45),
(924, 396, 99),
(925, 392, 45),
(926, 392, 99),
(927, 394, 45),
(928, 394, 99),
(929, 397, 45),
(930, 397, 99),
(931, 465, 81),
(932, 465, 47),
(933, 466, 81),
(934, 466, 47),
(935, 468, 81),
(936, 468, 47),
(937, 464, 81),
(938, 464, 47),
(939, 469, 81),
(940, 469, 47),
(941, 467, 81),
(942, 467, 47),
(943, 460, 81),
(944, 460, 101),
(945, 458, 81),
(946, 458, 47),
(947, 457, 81),
(948, 457, 47),
(949, 459, 81),
(950, 459, 47),
(951, 461, 81),
(952, 461, 47),
(953, 462, 81),
(954, 462, 47),
(955, 463, 81),
(956, 463, 101),
(994, 335, 107),
(997, 252, 67);

-- --------------------------------------------------------

--
-- Table structure for table `tags`
--

CREATE TABLE IF NOT EXISTS `tags` (
  `uid` int(11) NOT NULL auto_increment,
  `tag` varchar(30) collate utf8_bin NOT NULL,
  PRIMARY KEY  (`uid`),
  UNIQUE KEY `tag` (`tag`)
) ENGINE=MyISAM  DEFAULT CHARSET=utf8 COLLATE=utf8_bin AUTO_INCREMENT=108 ;

--
-- Dumping data for table `tags`
--

INSERT INTO `tags` (`uid`, `tag`) VALUES
(1, 'domain'),
(2, 'limit'),
(3, 'composite domain'),
(4, 'derivative'),
(5, 'product rule'),
(6, 'quotient rule'),
(7, 'chain rule'),
(8, 'implicit differentiation'),
(9, 'logarithmic differentiation'),
(10, 'intermediate value theorem'),
(11, 'squeeze theorem'),
(12, 'continuity'),
(13, 'mean value theorem'),
(14, 'graphing'),
(15, 'delta epsilon'),
(16, 'physics'),
(17, 'related rates'),
(18, 'even'),
(19, 'odd'),
(20, 'optimization'),
(21, 'tangent line'),
(22, 'linear approximation'),
(23, 'absolute extrema'),
(24, 'critical points'),
(25, 'l''hopital'),
(26, 'integral'),
(27, 'indefinite integral'),
(28, 'definite integral'),
(29, 'improper integral'),
(30, 'fundamental theorem'),
(31, 'net change'),
(32, 'u substitution'),
(33, 'volume'),
(34, 'shells'),
(35, 'disks'),
(36, 'area between curves'),
(37, 'average value'),
(38, 'integration by parts'),
(39, 'wrap around IBP'),
(40, 'trig integral'),
(41, 'trig substitution'),
(42, 'partial fractions'),
(43, 'general region'),
(44, 'arc length'),
(45, 'surface area'),
(46, 'sequence'),
(47, 'series'),
(48, 'bounded monotonic'),
(49, 'geometric series'),
(50, 'test for divergence'),
(51, 'integral test'),
(52, 'comparison test'),
(53, 'limit comparison test'),
(54, 'alternating series test'),
(55, 'ratio test'),
(56, 'root test'),
(57, 'absolutely convergent'),
(58, 'conditionally convergent'),
(59, 'taylor series'),
(60, 'taylor polynomial'),
(61, 'maclaurin series'),
(62, 'power series'),
(63, 'parametric'),
(64, 'polar'),
(65, 'multivariable'),
(66, 'double integral'),
(67, 'inverse trig'),
(68, 'hyperbolic trig'),
(69, 'inverse'),
(76, 'pizza'),
(77, 'ice cream'),
(78, 'la'),
(79, 'none.'),
(80, 'ivt'),
(81, 'true false'),
(82, 'extrema'),
(83, 'absolute'),
(84, 'max min'),
(85, 'differentials'),
(86, 'u sub'),
(87, 'poop'),
(88, 'po'),
(89, 'p'),
(90, ''),
(91, 'pizza100'),
(92, 'pizza1000'),
(93, 'lhopital'),
(94, 'poo'),
(95, 'testing'),
(96, 'asdf'),
(97, 'divergence test'),
(98, 'arclength'),
(99, 'cartesian'),
(100, 'trig sub'),
(101, 'sequences'),
(102, 'continued fractions'),
(103, 'p test'),
(104, 'geometric series test'),
(105, 'telescoping series'),
(106, 'trig'),
(107, 'wraparound');
